:020000040800F2
:10000000F0A80020E1010008CD290008E11900084E
:100010009927000813120008FD3B000800000000AB
:10002000000000000000000000000000490100087E
:1000300049150008000000008D0100084134000847
:10004000FB010008FB010008FB010008FB010008A0
:10005000FB010008FB010008FD150008FB0100087A
:10006000FB010008FB010008FB010008FB01000880
:10007000FB010008FB010008FB010008FB01000870
:10008000FB010008FB010008FB010008FB01000860
:10009000FB010008FB010008FB010008FB01000850
:1000A000FB010008FB010008FB010008FB01000840
:1000B000D5340008FB010008FB010008FB01000823
:1000C000FB010008FB010008FB010008FB01000820
:1000D000FB01000841360008FB010008AD370008AD
:1000E000FB010008FB010008FB010008FB01000800
:1000F000FB010008FB010008FB010008FB010008F0
:10010000FB010008FB010008FB010008FB010008DF
:100110003D360008FB010008FB010008FB01000858
:10012000FB010008FB010008FB010008FB010008BF
:10013000DFF810D000F01AFD00480047494C0008D5
:10014000AFF30080F0A80020224B19680868B0E8DF
:10015000F00F80F30988BFF36F8F4FF0000080F33A
:1001600011884EF00D0E7047000000000648006830
:10017000006880F3088862B661B6BFF34F8FBFF3A3
:100180006F8F00DF00BF00BF08ED00E0EFF30980D4
:10019000BFF36F8F0F4B1A6820E9F00F106008B59E
:1001A0004FF0500080F31188BFF34F8FBFF36F8F74
:1001B00008F090F94FF0000080F31188BDE8084086
:1001C00019680868B0E8F00F80F30988BFF36F8FF3
:1001D000704700BF28000020EFF305807047000043
:1001E0000648804706480047FEE7FEE7FEE7FEE7D1
:1001F000FEE7FEE7FEE7FEE7FEE7FEE775340008F0
:1002000031010008421E062A02D36FF00100704738
:100210000B4B53F8220043F82210704710B5421ED2
:10022000062A02D34FF0FF3010BD054951F82210C5
:10023000CA1C02D04A1C00D08847002010BD000014
:10024000D89E002040EA01039B0703D009E008C9BB
:10025000121F08C0042AFAD203E011F8013B00F88B
:10026000013B521EF9D27047D2B201E000F8012BD7
:10027000491EFBD270470022F6E710B513460A4626
:1002800004461946FFF7F0FF204610BD30B505467D
:100290002A460B4612F8010B13F8014B08B1A04295
:1002A000F8D01CB1002802D06D1CF1E7284630BD03
:1002B000CAB2401E10F8011F8A4202D00029F9D1AB
:1002C00000207047421C10F8011B0029FBD1801A46
:1002D0007047034611F8012B00F8012B002AF9D1D1
:1002E0001846704730B505460020034600E05B1C09
:1002F000934205D2EC5CC85C201A01D1002CF6D1E7
:1003000030BDF0B480EA0102D40F4200B2EB410FDD
:1003100002D20246084611464A0042D0C30DDDB261
:10032000C1F3C752AD1A202D35DAC1F3160141F4DD
:10033000000204B15242C5F1200602FA06F12A4138
:100340001044B3EBD05F23D0C4B1012DA0EBC35058
:1003500009DCF0BC4FF0004202EAC352DBB200F508
:10036000000000F0DABA400000F1807000EBC350EA
:10037000A0F1807040EAD170490009E0490841EAE3
:10038000C071A0EBC35000F50000400800EBC35063
:10039000F0BC00F0B9BA6142012202EB4101001B3E
:1003A000F6E7F0BC704781F00041AAE780F000401A
:1003B000A7E780EA010210B502F00043400022D016
:1003C0004A001FD0010E01EB1261C0F35600C2F3C8
:1003D000560240F4000042F40002A0FB0220000498
:1003E0007F39140400D0401C50EA124001D4400070
:1003F000491EC2B20C0604EBD010401C4008802AF3
:1004000002D003E0002010BD20F00100002900DA36
:100410000020184310BD30B480EA010202F000450C
:1004200030F0004221F0004013D090B1C30DD40D44
:10043000C2F31601C0F31600E41A41F4000140F4BF
:1004400000027D34914201D3641C00E04900002C7D
:1004500002DA30BC002070474FF4000000239142C4
:1004600001D3891A034340084FEA4101F7D151B142
:10047000914202D14FF0004105E002D24FF001015C
:1004800001E06FF0010103EBC450284430BC00F0E0
:100490003BBA2DE9FE4F804681EA0300C00F0C46AF
:1004A000009021F0004123F00045B8EB0200A94183
:1004B00005D24046214690461C460B46024623F094
:1004C0000040104347D0270DC7F30A00C3F30A5179
:1004D0000290401A019040286BDAC3F3130040F4F5
:1004E000801B0098924620B10023D2EB030A63EBF5
:1004F0000B0B01985946C0F14002504600F0D3F969
:1005000006460D4650465946019A00F0EBF910EBAD
:1005100008006141002487EA115284EAE7731A4314
:1005200040D0009A62B3019A012A4FEA075215DCC3
:10053000001B61EB02014FF0004202EA0752CDE9D5
:100540000042001C41F5801132462B4600F022FA91
:1005500003B0BDE8F08F40462146F9E7001B61EB90
:100560000201001C41F5801300185B412018A2F520
:10057000001747EB030140EAD570B6196D4111E051
:100580006D084FEA360645EAC0754FEA0752001B70
:1005900061EB0201001C41F5801149084FEA30006F
:1005A0000019514132462B4603B0BDE8F04F00F030
:1005B000E2B90098012240000023D0EB020263EB75
:1005C000E073009821464FEAE074B8EB000061EB5D
:1005D0000401E9E783F000435BE781F0004158E75D
:1005E0002DE9FE4F81EA030404F0004421F00041AC
:1005F00000944FF0000B23F0004350EA01045ED05A
:1006000052EA03045BD0C3F30A54C1F30A552C44E5
:10061000A4F2F3340194A0FB0254C1F3130141F49A
:100620008011C3F3130343F4801301FB024400FB66
:10063000034E840A970A44EA815447EA8357A4FB8D
:10064000076802958D0A05FB07854FEA932C04FB8A
:100650000C542705029D4FEA065847EA1637B5EBBA
:1006600008056EEB070C870E920E47EA811742EAE7
:100670008312A7FB0201B6EB0B0164EB00042B0D08
:1006800043EA0C335E1844EB1C50DA465146E7FB54
:100690000201C5F313044FEA0B3343EA14534FEA44
:1006A0000432019C43EA0603A4F10C040294009C6A
:1006B000CDE900B400F06EF903B0BDE8F08F002082
:1006C0000146F9E7C10F80EAE0700844CA079623A3
:1006D000002100F022B90EB5C10F80EAE070084495
:1006E000CA07002140F233438DE80E000A460B464C
:1006F00000F050F903B000BD00F0004220F00040CF
:10070000C10DC0F3160040F400007F2901DA00207B
:100710007047962903DCC1F19601C84001E0963983
:100720008840002AF4D04042704770B5C1F30A52A5
:1007300001F000450024C1F3130140F2FF3341F4FE
:1007400080119A4201DA002070BD40F233439A4290
:10075000A2F2334203DC524200F0B4F800E09040D1
:100760002C43F1D0404270BD00F0004230F0004018
:100770000AD0C10D01F56071C0F3160042EA0151C3
:10078000C20840071143704700200146704700002F
:1007900030B5041E71F1000404DB4FF00044404208
:1007A00064EB0101141E73F1000405DB1C464FF0DD
:1007B0000043524263EB04038B4208BF824230BDC8
:1007C00030B5041E71F1000404DB4FF000444042D8
:1007D00064EB0101141E73F1000405DB1C464FF0AD
:1007E0000043524263EB0403994208BF904230BD7C
:1007F000002801DBC0F10040002901DBC1F100410C
:1008000081427047002801DBC0F10040002901DB74
:10081000C1F100418842704730B50B4601460020C7
:100820002022012409E021FA02F59D4205D303FAB2
:1008300002F5491B04FA02F52844151EA2F1010233
:10084000F1DC30BD2DE9F05F0546002092469B4665
:1008500088460646814640241BE0284641464746D6
:10086000224600F02FF853465A46C01A914110D341
:1008700011461846224600F016F82D1A67EB0108BB
:100880004F4622460120002100F00DF817EB000929
:100890004E41201EA4F10104DFDC484631462A46C1
:1008A0004346BDE8F09F202A04DB203A00FA02F11B
:1008B000002070479140C2F1200320FA03F319434E
:1008C00090407047202A04DB203A21FA02F00021F0
:1008D000704721FA02F3D040C2F120029140084350
:1008E00019467047202A06DBCB17203A41FA02F05E
:1008F00043EAE07306E041FA02F3D040C2F120027D
:1009000091400843194670470029A8BF7047401C12
:10091000490008BF20F00100704710B4B0FA80FC15
:1009200000FA0CF050EA010404BF10BC704749B152
:10093000CCF1200421FA04F411FA0CF118BF0121C2
:1009400021430843A3EB0C01CB1D4FEA00614FEAA2
:10095000102042BF002010BC704700EBC350104471
:100960000029A4BF10BC7047401C490008BF20F0FC
:10097000010010BC704710B5141E73F1000408DAB2
:10098000401C41F1000192185B411A4301D120F053
:10099000010010BD2DE9F04D92469B4611B1B1FA10
:1009A00081F202E0B0FA80F220329046FFF77BFF3E
:1009B00004460F4640EA0A0041EA0B0153465A46F4
:1009C000084313D0114653EA010019D0C8F1400280
:1009D0005046FFF777FF05460E46504659464246B9
:1009E000FFF761FF084305D0012004E020463946A7
:1009F000BDE8F08D0020054346EAE0762C433743FE
:100A00000A986305E40AA0EB08000022FD0A44EA04
:100A100047540A3002D500200146E9E701051019C4
:100A20006941DDE9084500196941BDE8F04DA2E7DB
:100A30002DE9F04D81EA030404F0004B21F000455C
:100A400014464FF0000A23F0004150EA050220D07E
:100A500054EA01021DD0C5F30A570246C5F3130339
:100A6000C1F31300C1F30A5640F4801543F4801318
:100A7000A7EB0608101BD64608F2FD3873EB0500FD
:100A800002D308F1010801E092185B41B8F1000FB0
:100A900003DA00200146BDE8F08D00204FF48011FC
:100AA000064684460EE0171B73EB050705D3121BA1
:100AB00063EB050306434CEA010C49084FEA30009A
:100AC00092185B4150EA0107EDD152EA030012D0BF
:100AD00082EA040083EA0501084305D0101BAB41FC
:100AE00006D20122002306E000224FF0004302E07C
:100AF0006FF0010253101AEB06004CEB085110EB9B
:100B00000A0041EB0B01BDE8F04DFFF734BF70B5B3
:100B100021F0004303430CD0C1F30A550024D5EB68
:100B2000040564EB0403D617AD1AB34102DB0020C1
:100B3000014670BD201841EB025170BDC1F30A524D
:100B4000C1F3130140F2FF3341F480119A4202DAFB
:100B500000200146704740F233439A42A2F23342EA
:100B600002DC5242FFF7AEBEFFF79DBE064C074DBA
:100B700006E0E06840F0010394E80700984710346D
:100B8000AC42F6D3FFF7D8FAD0960008F0960008EA
:100B90002DE9F04D00231A461B1A8A4103DB002081
:100BA0000146BDE8F08DC1F30A52C1F3130141F4CF
:100BB00080154FF0000BD10702D100186D41521E75
:100BC0000027044640F2FF11384601EB620A3E4618
:100BD0008046024600204FF48011FFF773FEC219D1
:100BE0007141BB1846EB0100B4EB030C75EB000C34
:100BF00004D3E41A65EB000517460E46241908F1E4
:100C000001006D4180463428E3DDF91946EB06000A
:100C1000091BA84103D24FF0FF32134601E0002226
:100C200013461BEB070046EB0A51BDE8F04DFFF7FA
:100C3000A2BE70B58C1810F8015B15F0070301D146
:100C400010F8013B2A1106D110F8012B03E010F82F
:100C5000016B01F8016B5B1EF9D12B0705D4002352
:100C6000521E0DD401F8013BFAE710F8013BCB1AF4
:100C7000921C03E013F8015B01F8015B521EF9D5E9
:100C8000A142D8D3002070BD10B5002415480068DB
:100C900020F47020134908600846006840F40020E2
:100CA000086004E0601CC4B2012000F04FF90E4857
:100CB000006808B1C82CF5DBC82C01DB012010BD91
:100CC000002404E0601CC4B2012000F03FF9064893
:100CD000006808B9F02CF5DBF02C01DB0120EEE711
:100CE0000020ECE700180140100123422DE9F84FE5
:100CF00000F0C8F800F0A4F8FFF7C6FFCC2000F021
:100D0000CDF8BE2000F0CAF800F088F8834600F065
:100D100085F80446072C08DDE043C4B26FEA0B00F7
:100D200000F0FF0B4FF0000A01E04FF0010AA1466E
:100D30004FEA09200FFA80F909EB0B000FFA80F94E
:100D40004846FFF7BFFC0090FFF70EFD0746002264
:100D5000084BFFF745FC0546FFF7E7FC0FFA80F963
:100D6000BAF1000F02D04846BDE8F88FC9F1000083
:100D700000B2F9E70000E43F08B50121402002F08D
:100D8000F1F81020ADF800008DF8030003208DF875
:100D900002006946054800F01FFD1021034800F0DD
:100DA000FAFD00F04DF8FFF76FFF08BD0018014095
:100DB00010B51748006820F47020154908600846EF
:100DC000006840F4403008600020124908600220AA
:100DD00000F0BCF801201049C1F890010C480068EF
:100DE00020F470200A4908600846006840F400209A
:100DF00008600C2000F0AAF806488038006808B1A6
:100E0000012400E00024322000F0A0F8204610BDAC
:100E100000180140900123420000234270B50026D3
:100E2000012508E0FFF7C4FF0446E00140EA660040
:100E3000C6B2681CC5B2082DF4DD304670BD000096
:100E400010B50D48006820F470200B490860084672
:100E5000006840F44030086000200849086040F213
:100E6000EE2000F073F801200549C1F890010F2031
:100E700000F06CF810BD0000001801409001234202
:100E80000000234210B5FFF7DBFFFFF7FDFECC208B
:100E900000F004F8442000F001F810BD70B50446DD
:100EA0001848006820F47020164908600846006859
:100EB00040F440300860012520E004F00106641091
:100EC0006EB1002010490860022000F03FF80120B8
:100ED0000E49C1F890013C2000F038F80CE00020E9
:100EE000094908603C2000F031F801200749C1F8A9
:100EF0009001022000F02AF8681CC5B2082DDCDD44
:100F000070BD000000180140900123420000234200
:100F10000748006840F080700549086000200549D6
:100F200048600846006840F0010008607047000013
:100F3000FCED00E0001000E010B504464FF47A71BB
:100F400004FB01F000F002F810BD000030B5084CC1
:100F500063680021074C2468074DB4FBF5F404FBDB
:100F600000F202E0024C6468E11A9142FAD330BD0B
:100F7000001000E00000002040420F0008B50121F1
:100F80004FF4A07001F0EEFF4FF47F40ADF8000089
:100F900001208DF8020010208DF8030069460948F1
:100FA00000F01AFC4FF6FF70ADF8000001208DF83C
:100FB000020010208DF803006946034800F00CFC85
:100FC00008BD0000001801400020014010B54FF49A
:100FD000407001F045FDFFF79BFF01F07DFD01F042
:100FE0005BFDFFF7C9FEFFF7C9FF00F0A5F84FF45E
:100FF0007A7000F0D5F80E490E4800F043FD4FF42A
:10100000E13002F065FB4FF4E13002F009FC0AA088
:1010100002F0F6FD14A116A002F0F2FD1AA21DA125
:101020001FA002F0EDFD24A002F0EAFD10BD0000BB
:10103000AD300008191200080D0A3D3D3D3D3D3D13
:101040003D3D3D3D3D3D3D3D3D3D3D3D3D3D3D3DD0
:101050003D3D3D3D3D3D3D3D3D3D3D3D3D3D3D3DC0
:101060003D3D3D3D3D0D0A0056392E302E300000ED
:101070004672656552544F532056657273696F6EA0
:10108000203A2025730D0A0032313A35343A303295
:10109000000000004A756C202031203230323500CB
:1010A000436F6D70696C652054696D65203A202529
:1010B00073202025730D0A003D3D3D3D3D3D3D3DE6
:1010C0003D3D3D3D3D3D3D3D3D3D3D3D3D3D3D3D50
:1010D0003D3D3D3D3D3D3D3D3D3D3D3D3D3D3D3D40
:1010E0003D3D3D0D0A00000008B50121902001F0B2
:1010F00039FFFF20ADF8000003208DF8020010201A
:101100008DF8030069460A4800F066FB4FF4006062
:10111000ADF8000003208DF8020010208DF80300C8
:101120006946044800F058FB082000F009F808BDA3
:1011300000100140001C014010B5FFF7D5FF10BDA5
:1011400070B50546002406E0044830F81410044841
:1011500000F021FC641CAC42F6DB70BDCA0000202C
:101160000010014070B50546002406E00A4830F83A
:1011700014100A4800F00FFC641C082CF6DB002455
:1011800006E0054830F81410044800F002FC641C26
:10119000AC42F6DB70BD0000CA0000200010014028
:1011A00010B5044600F004F8204600F011F810BD18
:1011B00008B51C208DF8000000208DF801008DF886
:1011C000020001208DF80300684601F011FC08BD03
:1011D0003EB504460121084601F0B4FE601E80B20F
:1011E000ADF804004720ADF800000020ADF806007F
:1011F000ADF8020069464FF0804002F0CDF90122BF
:101200001146900702F0BEF90121880702F09DF90E
:101210003EBD00BFFEE7000010B5C0B0684607F055
:101220001BF80EA002F0ECFC18A002F0E9FC1FA0D5
:1012300002F0E6FC694629A002F0E2FC1BA002F0E5
:10124000DFFC07F0C9F90446214625A002F0D8FCCE
:1012500016A002F0D5FC40B010BD00000D0A2D2DE7
:101260002D2D2D2D2D2D2D2D2D2D2D2D2D2D2D2DAE
:101270002D2D2D2D2D2D2D2D2D2D2D2D2D2D2D2D9E
:101280002D2D2D2D2D2D2D2D2D0D0A004E616D6531
:1012900009095374617465095072696F7209537456
:1012A00061636B094E756D0D0A0000002D2D2D2D0B
:1012B0002D2D2D2D2D2D2D2D2D2D2D2D2D2D2D2D5E
:1012C0002D2D2D2D2D2D2D2D2D2D2D2D2D2D2D2D4E
:1012D0002D2D2D2D2D2D2D0D0A0000002573000024
:1012E0002020202A2A20557361626C652052414DCE
:1012F0002073697A652069732025642042797465BA
:1013000073202A2A0D0A000010B5002409A10A48FA
:1013100003F070FD30B90124AC2208A110A002F046
:101320006FFC05E0B02205A115A002F069FC0024C5
:10133000204610BD4F4B0000B09500082E2E5C5388
:101340006F757263655C657370383236365C6573D1
:1013500070383236365F68616E646C65722E630079
:1013600025735F25643A636F6E6E656374207365E1
:101370007276657220746370206F6B210D0A000015
:1013800025735F25643A636F6E6E656374207365C1
:101390007276657220746370206661696C65642181
:1013A0000D0A000021B1026842F00102026004E06F
:1013B00002684FF6FE731A400260704701684FF6EC
:1013C000FE72114001600021016041608160C160D6
:1013D0004B49884208D14A490839496841F00F0110
:1013E000474A083A51608AE045491431884208D199
:1013F00043490839496841F0F001414A083A5160CF
:101400007DE03F492831884208D13D490839496883
:1014100041F470613A4A083A516070E038493C3111
:10142000884208D136490839496841F47041344A44
:10143000083A516063E032495031884208D130495E
:101440000839496841F470212D4A083A516056E044
:101450002B496431884208D129490839496841F447
:101460007001274A083A516049E02549783188429D
:1014700008D123490839496841F07061204A083A87
:1014800051603CE01F49884206D1011F096841F0C4
:101490000F01021F116032E01A491431884208D14D
:1014A0001849091F096841F0F001164A121F11601E
:1014B00025E014492831884208D11249091F0968DA
:1014C00041F470610F4A121F116018E00D493C3160
:1014D000884208D10B49091F096841F47041094A43
:1014E000121F11600BE007495031884207D10549AE
:1014F000091F096841F47021024A121F11607047E8
:10150000080002400804024010B50022026847F6B5
:10151000F0739A430C6A8B6823430C6923434C692C
:1015200023438C692343CC6923434C6A23438C6A4D
:1015300023431A430260CB6843600B6883604B68A7
:10154000C36010BD416070477047000008B50121BD
:10155000042001F007FD4FF40070ADF800001820E2
:101560008DF8030003208DF802006946074800F05B
:1015700033F94FF48060ADF8000004208DF80300CB
:101580006946024800F028F908BD00000008014043
:1015900008B525208DF8000005208DF801000020F9
:1015A0008DF8020001208DF80300684601F020FA52
:1015B00008BD00001FB504460121880301F0D2FCDC
:1015C00000940020ADF80400ADF80600ADF8080066
:1015D000ADF80C000C20ADF80A006946064802F090
:1015E00015FA012240F22551034802F0E9F90121E0
:1015F000014802F099F91FBD0038014038B50120BB
:1016000000F03AF860B30020034602460321009040
:101610001448006807F024FC00200346024603211A
:1016200000901148006807F01BFC012000F01EF834
:1016300007F054FA04460020034622460121009098
:101640000848006807F00CFC07F048FA0446002040
:1016500003462246012100900348006807F000FC81
:1016600038BD000094000020980000200149086067
:101670007047000014040140014600200022074B7F
:101680001B6803EA0102054B14331B680B4013B1BE
:101690000AB1012000E00020704700000004014072
:1016A000002123498279002A3AD00A461268036849
:1016B0009A430B461A600A1D126803689A430B1D71
:1016C0001A60027911440A6803681A430A60184ACA
:1016D0000832126803689A43154B08331A601A1DC2
:1016E000126803689A43124B0C331A604279102A2D
:1016F0000ED11A1F126803681A430D4B08331A6083
:101700001A1D126803681A43094B0C331A600DE066
:101710000749427911440A6803681A430A6005E0E0
:10172000027911440A6803689A430A60704700000E
:1017300000040140002003490978032900D1012059
:10174000704700007C150020F0B5A1B007460D469B
:101750001646802101A8FEF78EFD324609A101A898
:1017600002F078FA0BA101A803F044FB28B9314636
:10177000284602F071F8002400E00124204621B040
:10178000F0BD000041542B43495053454E443D2584
:10179000640D0A003E00000030B500228B071C0FCC
:1017A0000F2303FA04F20B4B8C1053F824309343AD
:1017B000084C8D1044F8253023468C1053F8243003
:1017C0008C07240F00FA04F42343024C8D1044F8D4
:1017D000253030BD080001402DE9F04102460025CA
:1017E0000026002000230024002791F803C00CF0FD
:1017F0000F0591F803C00CF0100CBCF1000F03D0E2
:1018000091F802C04CEA050591F800C0BCF1000F48
:1018100031D0146800202BE04FF0010C0CFA00F3DB
:10182000B1F800C00CEA03069E4220D183004FF0BD
:101830000F0C0CFA03F7BC4305FA03FC4CEA040452
:1018400091F803C0BCF1280F06D14FF0010C0CFA3F
:1018500000FCC2F814C00AE091F803C0BCF1480FC4
:1018600005D14FF0010C0CFA00FCC2F810C0401C6E
:101870000828D1D31460B1F800C0BCF1FF0F34DDEB
:10188000546800202EE000F1080C4FF0010808FA1F
:101890000CF3B1F800C00CEA03069E4221D183008C
:1018A0004FF00F0C0CFA03F7BC4305FA03FC4CEAAB
:1018B000040491F803C0BCF1280F05D100F1080C15
:1018C00008FA0CF8C2F8148091F803C0BCF1480F74
:1018D00007D100F1080C4FF0010808FA0CF8C2F823
:1018E0001080401C0828CED35460BDE8F081000071
:1018F000F0B50A46002300240021002500F0004630
:10190000B6F1004F02D11D4EF16901E01B4E716826
:10191000C0F3034583B200F44016B6F5401F08D16A
:1019200021F07061154E766826F07066134F7E6068
:1019300012E000F48016B6F5801F06D1032606FAE1
:1019400005F4A14341F0706106E0460D360103FA4B
:1019500006F6B14341F0706122B1460D360103FA3B
:1019600006F6314300F00046B6F1004F02D1034EB7
:10197000F16101E0014E7160F0BD00000000014026
:101980000246002093680B400BB1012000E00020CC
:1019900070474161704701617047C1607047000046
:1019A00070B50546FF2600240AA12846FEF76EFC06
:1019B000044664B1C8210848FEF75DFCC822611CDA
:1019C0000548FEF73FFCC8210448FEF754FC3046AA
:1019D00070BD00003A000000BC9900200C9B002064
:1019E00011E009A002F00CF900BF1148006800F4F2
:1019F000E06010490843001D0D490860BFF34F8F98
:101A000000BF00BFFEE7ECE72D2D2D2D2D2D2D2D38
:101A10002D486172644661756C745F48616E646CD8
:101A200065722D2D2D2D2D2D2D2D2D2D2D0D0A00D9
:101A30000CED00E00000FA050EB50121412001F097
:101A400091FA00F0C4FF0120ADF8080048208DF89D
:101A50000B0002A90A48FFF7BFFE00210420FFF790
:101A60009BFE0120009000208DF804000C208DF8D2
:101A7000050001208DF806006846FFF711FE0EBD37
:101A80000018014038B504460D460E4804600E4863
:101A90000560FFF7D1FF0D4801230022FA210090D5
:101AA0000BA007F0A5F90D4908600D48012300229D
:101AB00041F2883100900BA007F09AF90C490860B8
:101AC00038BD00009C000020A0000020ED7C000834
:101AD000764B45595461736B000000009400002060
:101AE0001D7D0008764B45595461736B3200000030
:101AF000980000202DE9FF4704460D4616469946FA
:101B000000200390029600278046009002A805F06E
:101B10003BFD8DF80C000398C0F30310022800D0A1
:101B20001FE001A9029800F0E9F8804602990844F4
:101B30000290DDE9011047180298381A022800DAED
:101B40000FE002A805F020FD8DF80000009800F0DD
:101B50000100207002A805F017FD28704FF0010861
:101B600000BF404604B0BDE8F0872DE9FF5F0646A0
:101B70000C4617469846DDE90FABDDF8389000209B
:101B8000039011980290002500200190009002A877
:101B900005F0FAFC8DF80C000398C0F3031003283D
:101BA00000D032E00398C0F3C00030700398C0F357
:101BB00041002060039800F00100387069460298E7
:101BC00000F09CF801900299084402900099029854
:101BD00045182A4602A9484605F0EAFC10B10298C9
:101BE000281A00D511E02068002804DD02A805F0BD
:101BF000D2FCA8F800000298281ACBF8000002983E
:101C0000CAF800000120019000BF019804B0BDE8AF
:101C1000F09F2DE9FE4F05460E4614461F46DDE9AE
:101C20000C9B00200290CDF804908046824601A8CB
:101C300005F0AAFC8DF808000298C0F303100928EB
:101C400000D02CE06946019800F058F882460199CE
:101C500008440190DDE9001000EB01080198A8EBB1
:101C60000000022800DA1AE001A805F094FC2880A0
:101C7000002020600DE02068B04202DD4FF0FF3A06
:101C80000DE001A805F080FC2268511C216047F896
:101C9000220001984045EED34FF0010A00BF5046A4
:101CA000BDE8FE8F2DE9F84305460C4601260027C6
:101CB0000020206000BF4FF0FF38781C0746042842
:101CC00001DD00BF17E001216846A8478046B8F152
:101CD000010F00D00FE09DF8001001F07F01206897
:101CE00001FB06002060F6019DF8000000F0800076
:101CF0000028E0D100BF3846BDE8F88370B504463F
:101D00000D460348046029460248FFF7CBFF70BD2B
:101D1000881500206946000830B50246002300BF40
:101D20000846CD1701EB5565ED11A1EBC515ECB2D9
:101D3000CD1701EB5565E911002901DD44F0800460
:101D400018465B1C14540029EADC184630BD00001C
:101D5000401C802801DA401C0AE0B0F5804F01DA0F
:101D6000801C05E00349884201DAC01C00E0001D28
:101D700070470000FFFF1F002DE9FC4104460F469D
:101D800015464FF0FF3800200190002600900121F9
:101D90002046A847012800D01EE0012669462846B3
:101DA000FFF780FF601C0099FFF7B6FF064400981C
:101DB0003044B84200DD0FE0009830B1A01900991E
:101DC000A8470099884200D006E020788DF80400EA
:101DD0000198C0F3031800BF4046BDE8FC81000035
:101DE0002DE9FE4305460E4614460295002001905B
:101DF000009000274FF0FF38204600F0A5F8074676
:101E00008146FFF7A5FFB04202DD6FF001088FE0C9
:101E100000208DF80400019820F0F00010300190AF
:101E20009DF8041002A806F099FB39460298FFF7C6
:101E300073FF029908440290207A042808D13EA139
:101E400002A806F077FB042102A806F087FB07E052
:101E50003BA102A806F06EFB032102A806F07EFB60
:101E600000208DF80000A17E009861F341000090F1
:101E7000E07E08B1012100E00021009861F38200BA
:101E800000900098C0F3800058B194F83D1000987D
:101E900061F3C400009094F83C10009861F3451081
:101EA0000090206C08B9A06C20B1009820F0800050
:101EB00080300090E06C08B9606D20B1009820F08F
:101EC0004000403000909DF8001002A806F046FB4C
:101ED000218B02A806F048FB02A8D4E90423E1689C
:101EE00006F05AFBE07E58B102A8D4E90A23616AE1
:101EF00006F052FB02A8D4E90D23216B06F04CFB3F
:101F00000098C0F3C01028B102A8D4E91123216CB5
:101F100006F042FB0098C0F3801028B102A8D4E973
:101F20001423E16C06F038FB0298A0EB050800BF13
:101F30004046BDE8FE8300004D51545400000000AF
:101F40004D5149736470000070B504460025207A35
:101F5000032801D10C2503E0207A042800D10A25AA
:101F6000D4E90412E06800F00BFC801C0544E07E1C
:101F700068B1D4E90A12606A00F002FC861CD4E958
:101F80000D12206B00F0FCFB3044801C0544206CDB
:101F900008B9A06C30B1D4E91112206C00F0F0FB4C
:101FA000801C0544E06C08B9606D30B1D4E91412AE
:101FB000E06C00F0E5FB801C0544284670BD2DE96F
:101FC000F04F87B005460F4690461C46DDE915B632
:101FD000DDE9109A06950020059004900390009684
:101FE000204612A90EC900F042F804900290FFF7B3
:101FF000AFFEB84203DD6FF00100039033E00598B7
:1020000020F0F00030300590059868F3C30005908B
:10201000059864F342000590059869F30000059067
:102020009DF8141006A806F099FA04990698FFF78F
:1020300073FE06990844069006A812A90EC906F078
:10204000ABFA002C03DD514606A806F08DFA3246A5
:1020500059460698FEF7F6F806983044069006981A
:10206000401B039000BF039807B0BDE8F08F7FB519
:102070000546089E002401A807C800F081FB801CCB
:1020800030440444002D00DDA41C204604B070BD83
:102090002DE9FF5F05460E4617469846DDE90E9A84
:1020A000039500200290019000900024514648467C
:1020B00000F046F883460190FFF74AFEB04202DD89
:1020C000A01E009038E000208DF80800029820F053
:1020D000F00080300290029867F3C30002900298EB
:1020E00020F00600801C02909DF8081003A806F05E
:1020F00035FA01990398FFF70FFE039908440390FE
:10210000414603A806F030FA00240FE004EB440037
:102110000AEB800C03A89CE80E0006F03DFA10982C
:1021200010F8241003A806F019FA641C4C45EDDBE6
:102130000398401B009000BF009804B0BDE8F09FDA
:102140002DE9F04105460E46022700240AE004EB83
:10215000440006EB800393E8070000F011FBC01C6D
:102160000744641CAC42F2DB3846BDE8F081000055
:10217000F0B5E3B0582228494DA8FEF763F84FF4B4
:102180009674002525A640F25B773346972232A14C
:102190003BA0009701F034FD43A050903C20ADF8E7
:1021A0004C0101208DF84E014BA05D90524860908B
:1021B0004DAA214602A8FFF713FE05464F492A46BD
:1021C000486802A905F048FB4D4A214602A8FFF7DE
:1021D000D3FD022813D1234602AA694601A8FFF7BE
:1021E00089FC012802D19DF8000038B19DF800302B
:1021F000AC2219A143A001F003FD0AE000E008E0D1
:10220000B32215A14AA001F0FBFC3C48406863B032
:10221000F0BD4FF0FF30FAE7BC9400083961353269
:102220003035376262662E7374312E696F74646163
:102230002D6465766963652E636E2D6E6F727468AA
:102240002D342E6D79687561776569636C6F75647F
:102250002E636F6D000000002E2E5C536F7572634D
:10226000655C4D5154545061636B65745C73616D72
:10227000706C65735C70756230737562312E6300CB
:1022800025735F25643A53656E64696E6720746FC9
:1022900020686F73746E616D653A25732C706F7270
:1022A000743A25640D0A0000363836303932363437
:1022B0003332373731663137376234366538313843
:1022C0005F73746D53465F305F305F32303235304C
:1022D0003632393031000000363836303932363453
:1022E0003332373731663137376234366538313813
:1022F0005F73746D53460000049600088C1500202F
:102300004578000825735F25643A556E61626C65F7
:1023100020746F20636F6E6E6563742C2072657419
:1023200075726E20636F64652025640D0A000000DD
:1023300025735F25643A436F6E6E65637465642030
:10234000746F204D515454207365727665720D0A76
:102350000000000008B52021124800F07DFE114861
:1023600011A321A240210090214801F059FC204BEB
:102370007F2220A129A001F043FC0A482E4B1AA27B
:10238000402100902D4801F04BFC2C482C4908605E
:102390000846842217A103682AA001F031FC05F049
:1023A0003BFA08BD609C0020246F632F646576694A
:1023B0006365732F36383630393236343332373737
:1023C0003166313737623436653831385F73746D52
:1023D00053462F7379732F6D657373616765732F20
:1023E000646F776E00000000257325730000000005
:1023F000209C00202E2E5C536F757263655C4D51DE
:1024000054545061636B65745C73616D706C65737B
:102410005C70756230737562312E630025735F25C1
:10242000643A4D5154545F544F5049432069733AB4
:102430002025730D0A00000048960008D49B002058
:10244000149C002025735F25643A7075626C697373
:102450006820746F7069633A2025730D0A000000CC
:1024600070B506460D4619E017480078A8B9002057
:10247000164908701648007803280AD11448407895
:1024800038B91448C078052803DD00201149C87008
:1024900070BD042005F08AFE00E000E0E4E700BF24
:1024A000002407E00948007820440749085C3055BB
:1024B000601CC4B2AC42F5DB0448007828440349F0
:1024C00008702046E4E70000BC9900208415002035
:1024D0007C1500207E15002030B58DB0C82555E054
:1024E0002E4A29462E48FFF747FC04462346FA2287
:1024F0002CA136A001F084FB032C1BD140F2011269
:1025000028A13AA001F07CFB254A08A809A902AB42
:1025100025C301910AA88B1F07AA06A9009005A848
:10252000FFF723FB0023052205A93948006806F0C0
:102530007DF924E00D2C09D140F2091219A135A032
:1025400001F05EFB00203A49086018E00E2C06D12D
:102550004FF4877213A137A001F052FB1BE0601CFF
:1025600030B940F213120FA138A001F049FB12E07C
:1025700023464FF48C720BA13BA001F041FBC82114
:102580003D48FDF778FE042005F010FE3B4800684A
:102590000028A5D000BF20460DB030BD457800080A
:1025A000489D00202E2E5C536F757263655C4D5103
:1025B00054545061636B65745C73616D706C6573CA
:1025C0005C70756230737562312E630025735F2510
:1025D000643A4D5154545061636B65745F72656128
:1025E00064207263203D2025640D0A0025735F2559
:1025F000643A2D2D2D2D2D2D2D2D2D2D5055424C48
:102600004953482D2D2D2D2D2D2D2D2D2D0D0A000D
:102610009C15002025735F25643A52656376204D32
:102620005154542050494E47524553500D0A000012
:10263000A015002025735F25643A4D515454204461
:102640006973636F6E6E6563740D0A0025735F2591
:10265000643A4D51545420446973636F6E6E6563E0
:1026600074320D0A0000000025735F25643A4D5155
:1026700054542025640D0A00BC99002098150020B0
:102680002DE9F041BCB00446002039903A903B90CF
:102690008046C82501260690399406A839A901224A
:1026A0003346CDE9002102900022294607A8FFF712
:1026B000EFFC804616494246486807A905F0CCF869
:1026C000144A294607A8FFF757FB0746092813D1E4
:1026D00007A803AB04AA0121CDE9000505A8FFF76F
:1026E00098FA0746039830B1DB220BA114A0039B94
:1026F00001F086FA08E006E03B46E12206A118A0B8
:1027000001F07EFA00E000BF38463CB0BDE8F08141
:102710008C150020457800082E2E5C536F7572636F
:10272000655C4D5154545061636B65745C73616DAD
:10273000706C65735C70756230737562312E630006
:1027400025735F25643A6772616E74656420716FEA
:102750007320213D20302C2025640D0A000000004C
:1027600025735F25643A4D5154545F53756273630A
:1027700072696265204572726F722025640D0A00CD
:1027800037B50024009820B10098FDF79BFD044662
:1027900000E0019C20463EBD00BFFEE710B5FFF7FC
:1027A000D9FD00F0D9F810BDADF52A7DC82514215A
:1027B00028A8FDF760FD142123A8FDF75CFD40A1CA
:1027C00028A8FDF786FD41A123A8FDF782FD14216D
:1027D0000AA8FDF750FD14210FA8FDF74CFD1421A8
:1027E00014A8FDF748FD142119A8FDF744FD3AA1EE
:1027F00019A8FDF76EFD3BA10AA8FDF76AFD3BA1F4
:102800000FA8FDF766FD3BA114A8FDF762FD3BA1F3
:102810001EA8FDF75EFD002007900890099039483A
:1028200007904CE038484078012844D13748007878
:10283000002840D0002136480068FDF7E3FF16D29B
:10284000344933480068FDF7D3FF10D230480068A0
:10285000FDF78AFF06463048CDE90261049014A8CE
:102860001EAB19AA2D4900902DA801F0F3F92DA84F
:10287000FDF728FD06462DA8CDE9050607A807C8DF
:1028800002AB07C300200090034602462946019090
:102890002348FFF794FB0446214622A001F0B0F93B
:1028A0002949224648681E4904F0D6FF8046414621
:1028B00026A001F0A5F94FF4C87005F077FCB1E748
:1028C00074656D70657261747572650068756D69A7
:1028D0006469747900000000736572766963655FEE
:1028E0006964000044485431315F54004448543115
:1028F000315F4800445331384232300073746D33D5
:1029000032000000489600087C1500209415002035
:10291000DC0000200000C842A89900208C96000826
:10292000109E00204D51545473657269616C697A30
:10293000655F7075626C697368206C656E31203DEF
:102940002025640D0A0000008C1500207263203DD4
:102950002025640D0A00000010B50022202105206A
:1029600005F05AFE064908600846006838B940F28A
:102970007D1204A10DA001F043F900BFFEE710BDD8
:102980009C1500202E2E5C536F757263655C4D5153
:1029900054545061636B65745C73616D706C6573E6
:1029A0005C70756230737562312E630025735F252C
:1029B000643A7851756575655F4D5154545F526541
:1029C0006376204552524F520D0A0000704708B5F9
:1029D00006208DF800000A208DF8010000208DF8F7
:1029E000020001208DF80300684600F001F808BDE0
:1029F00070B5002100230F22C47804B3154C24685D
:102A000004F4E064C4F5E064210AC1F10403CA409F
:102A1000447804FA03F184781440214309010E4CF0
:102A20000678A155047804F01F050124AC40057810
:102A30006D11AD0005F1E025C5F8004109E004780D
:102A400004F01F050124AC40044D0678761145F8CA
:102A5000264070BD0CED00E000E400E080E100E005
:102A600002490143024A1160704700000000FA0564
:102A70000CED00E00648006800F4E06005490843FA
:102A8000001D03490860BFF34F8F00BFFEE7000041
:102A90000CED00E00000FA0570B5002419E004F127
:102AA000B001C8B2002100F05DF90021084600F035
:102AB00059F90021102000F055F9002505E0012109
:102AC000002000F04FF9681CC5B2802DF7DB601CB8
:102AD000C4B2082CE3DB70BD08B50121202000F052
:102AE00041FAF020ADF8000010208DF8030003201B
:102AF0008DF8020069464A48FEF76EFE4FF4FC71FD
:102B00004748FEF748FF10214548FEF744FF642080
:102B1000FEF712FA10214248FEF73BFF6420FEF751
:102B20000BFA10213E48FEF736FF0021AE2000F0E0
:102B300019F90021084600F015F90021102000F0D5
:102B400011F90021402000F00DF90021812000F052
:102B500009F90021CF2000F005F90021A12000F0A3
:102B600001F90021C82000F0FDF80021A62000F0A6
:102B7000F9F80021A82000F0F5F800213F2000F02E
:102B8000F1F80021D32000F0EDF80021084600F014
:102B9000E9F80021D52000F0E5F80021802000F0C0
:102BA000E1F80021D92000F0DDF80021F12000F04B
:102BB000D9F80021DA2000F0D5F80021122000F029
:102BC000D1F80021DB2000F0CDF80021402000F0FA
:102BD000C9F80021202000F0C5F80021022000F0F3
:102BE000C1F800218D2000F0BDF80021142000F074
:102BF000B9F80021A42000F0B5F80021A62000F0CB
:102C0000B1F80021AF2000F0ADF80021AF2000F0B6
:102C1000A9F8FFF741FF0021084600F003F808BDBE
:102C20000014014070B504460D4605F1B001C8B26C
:102C3000002100F097F8102141EA1410002100F063
:102C400091F804F00F0141F00100002100F08AF832
:102C500070BD00002DE9F04180460E461546002764
:102C600031464046FFF7DEFF00240AE0124A02EB3D
:102C70008511085D012100F075F8781CC7B2601C51
:102C8000C4B2102CF2DB701CC1B24046FFF7CAFF81
:102C900000240CE06900491C074A02EB4111085D61
:102CA000012100F05FF8781CC7B2601CC4B2102C80
:102CB000F0DBBDE8F0810000F80C00202DE9F041C8
:102CC00007460E46904600250024A8F12000C5B214
:102CD0007F2F02DD0027B01CC6B231463846FFF711
:102CE000A1FF002408E004EB05110F4A505C01210C
:102CF00000F038F8601CC4B2082CF4DB701CC1B2C0
:102D00003846FFF78FFF002409E004EB0511083176
:102D1000054A505C012100F025F8601CC4B2082C63
:102D2000F3DBBDE8F0810000CC8E00082DE9F04116
:102D300004460F46154600260EE0AA5D3946204699
:102D4000FFF7BCFF04F10800C4B2782C02DD0024B8
:102D5000B81CC7B2701CC6B2A85D0028EDD1BDE892
:102D6000F081000070B504460E4626B120211448BB
:102D7000FEF711FE03E020211148FEF70AFE0025B0
:102D800017E040210E48FEF704FE04F0800020B159
:102D900080210B48FEF7FFFD03E080210848FEF785
:102DA000F8FD40210648FEF7F6FD6006040E681C9B
:102DB000C5B2082DE5DB20210148FEF7ECFD70BD12
:102DC000001401401CB5394800683949D1F81C117C
:102DD000CDE900103748D0F808313748D0F8302115
:102DE00000F59670016835A000F00AFF3248D0F86F
:102DF000300130B13848006818B12C48001F006815
:102E000048B93648006888B93348006870B927481F
:102E1000001F006850B932A000F0F2FE14213248C1
:102E2000FDF729FA31A13048FDF753FA2B48006825
:102E300088B12948006870B91C48001F006850B16B
:102E40002CA000F0DDFE14212748FDF714FA2BA179
:102E50002548FDF73EFA2148006888B91E480068F9
:102E600070B11248001F006850B126A000F0C8FEE3
:102E700014211D48FDF7FFF924A11B48FDF729FA8D
:102E80001648006888B11448006870B10748001FF0
:102E9000006850B91FA000F0B3FE14211248FDF7DE
:102EA000EAF91EA11048FDF714FA1CBD2081214249
:102EB000008021420080224200002242256C6420D2
:102EC00020256C642020256C642020256C64202043
:102ED000256C64200D0A0000088122423001224244
:102EE00073746F700D0A0000A899002073746F70DE
:102EF0000000000061686561640D0A006168656139
:102F0000640000006C6566740D0A00006C656674F0
:102F10000000000072696768740D0A0072696768D2
:102F20007400000029B1064A52690243044B5A61F9
:102F300004E0034A52698243014B5A617047000022
:102F40000010024029B1064AD2690243044BDA61FB
:102F500004E0034AD2698243014BDA617047000002
:102F60000010024029B1064A92690243044B9A615B
:102F700004E0034A92698243014B9A617047000062
:102F80000010024030B500210022002400232D4D06
:102F90006D6805F00C0121B1042905D0082923D161
:102FA00005E0294D056022E0274D05601FE0254D15
:102FB0006D6805F47012234D6D6805F480340225A8
:102FC00005EB92421CB9214D554305600BE01D4DA8
:102FD0006D6805F400351DB11C4D5543056002E0D8
:102FE000194D5543056002E0174D056000BF00BF55
:102FF000144D6D6805F0F0010909154D6B5C05680D
:10300000DD4045600F4D6D6805F4E061090A104D23
:103010006B5C4568DD4085600A4D6D6805F4605164
:10302000C90A0B4D6B5C4568DD40C560054D6D6898
:1030300005F44041890B074D6B5CC568B5FBF3F5A2
:10304000056130BD0010024000127A0000093D0009
:10305000140000202400002030B585B004460D4641
:1030600000200290039004900B48006802900A48E8
:10307000001D006803900848083000680490DDE9EE
:103080000301CDE9000105A229462046029B00F07C
:10309000C7FD05B030BD0000E8F7FF1F25303878C8
:1030A0002530387825303878000000001FA000F067
:1030B000A7FD0820294908700020487020202849D1
:1030C000086128A128A001F095FE20B97B222BA140
:1030D00033A000F095FD27E03BA13F48FDF7D6F86F
:1030E00050B1862225A13DA000F08AFD4FF4C870A2
:1030F00005F05CF8FFF7BEFC3E4801880088401CE4
:103100003C4A108041F2883081420ADB90221BA1A8
:1031100039A000F075FD4FF4E16005F047F8FFF7C6
:10312000A9FC0A2005F042F8D6E700002D2D2D2D30
:103130002D2D2D2D2D2D2D2D2D2D2D5265636F6EA9
:10314000666967574946492D2D2D2D2D2D2D2D2D85
:103150002D2D2D2D2D2D2D2D2D0D0A007C15002012
:10316000001001404F4B000041542B435753544132
:103170005254534D4152543D320D0A002E2E5C5391
:103180006F757263655C657370383236365C657373
:1031900070383236365F68616E646C65722E63001B
:1031A00025735F25643A537461727420736D617284
:1031B0007420636F6E66696720636F6E66696775FA
:1031C00072650D0A000000005749464920434F4EE2
:1031D0004E45435445440000A49A002025735F25C2
:1031E000643A736D61727420636F6E666967206FF5
:1031F0006B0D0A008215002025735F25643A636F0A
:103200006E6669672074696D656F75742072657389
:10321000746172740D0A00002DE9F041002400254C
:10322000A046FDF763FD04460A2094FBF0F6304605
:10323000FDF748FA05460A2094FBF0F100FB114720
:103240003846FDF73FFA06460A49FDF7E4F880469E
:1032500041462846FDF755F80749086008460068CA
:10326000FDF782FA064632460B4604A000F0C8FC81
:10327000BDE8F08100002041DC00002044535031C3
:10328000384232302054656D7065726174757265B4
:10329000203D20252E32660D0A00000010B500F0FA
:1032A00001F810BD0CB50020019000903348006873
:1032B00040F480303149086000BF3048006800F4B5
:1032C000003000900198401C0190009818B90198B6
:1032D000B0F5A06FF1D12948006800F4003010B1BA
:1032E0000120009001E0002000900098012843D1C7
:1032F0002348006840F01000214908600846006833
:1033000020F0030008600846006840F002000860F2
:103310001A484068194948600846406848600846AD
:10332000406840F4806048600846406820F47C10A3
:1033300048600846406840F48810486008460068C5
:1033400040F08070086000BF0C48006800F000701A
:103350000028F9D00948406820F003000749486078
:103360000846406840F00200486000BF03484068DB
:1033700000F00C000828F9D10CBD0000001002403C
:10338000002002402DE9F04780461F494046FDF7E6
:1033900010F88146FDF7B0F906464FF47A7500241F
:1033A0002DE0A01C194A32F810101948FEF7F5FA62
:1033B000012C0CD196FBF5F01649085C4FF67F7195
:1033C00000EA010949461448FEF7E7FA08E096FBCF
:1033D000F5F0104911F8009049460F48FEF7DDFA64
:1033E00096FBF5F005FB10660A2095FBF0F500272B
:1033F00000E07F1C44F61F608742FADB641C042C4B
:10340000CFDBBDE8F08700000000C842EC000020E0
:1034100000180140E00000200020014010B50446E3
:10342000214602A000F0ECFB10BD00004361707467
:10343000757265207369676E206E6F3A256420008F
:1034400010B500BF502080F31188BFF34F8FBFF33A
:103450006F8F00BF05F048FB18B14FF08050044952
:10346000086000BF002080F3118800BF10BD00007D
:1034700004ED00E010B51348006840F00100114968
:10348000086008464068104908400E4948600846F0
:1034900000680E4908400B4908600846006820F49F
:1034A000802008600846406820F4FE0048604FF421
:1034B0001F008860FFF7F2FE4FF0006004490860CB
:1034C00010BD0000001002400000FFF8FFFFF6FEF4
:1034D00008ED00E010B50121880700F042F820B3A4
:1034E0001448006805281BD1134914480068FDF7EB
:1034F0007FF90ED2002111480068FDF783F908D248
:103500000E480068FFF73EFF0C4800680C49086051
:1035100003E00B480068FFF735FF0020054908600D
:1035200004480068401C034908600121880700F036
:1035300009F810BDC81500200000C842DC000020BA
:10354000CC150020CA430282704721B1028842F0A4
:103550000102028004E002884FF6FE731A400280E6
:10356000704730B50246002000230024158A05EA82
:103570000103958905EA010413B10CB1012000E0B3
:10358000002030BD1AB183890B43838102E0838917
:103590008B43838170470000002202881D4B9842B4
:1035A0000ED01D4B98420BD0B0F1804F08D01B4B72
:1035B000984205D01A4B984202D01A4B984204D137
:1035C0004FF68F731A404B881A43174B984207D017
:1035D000164B984204D04FF6FF431A40CB881A434B
:1035E00002808B8883850B8803850A4B98420BD019
:1035F000094B984208D00E4B984205D00D4B98428B
:1036000002D00D4B984201D10B7A038601238382AD
:1036100070470000002C01400034014000040040CD
:1036200000080040000C0040001000400014004062
:103630000040014000440140004801407047000044
:1036400010B540F225511E4800F090F9002836D000
:103650001B4800F047FAC1B21A4802780078401CB3
:10366000184B18701848815418460078801E164967
:10367000085C0D281ED118460078401E085C0A28F8
:1036800018D1002118460078801E0F4A11541846A0
:103690000078401E115400231A460B490B4800685D
:1036A00005F060F90020074908704FF48071064862
:1036B000FCF7E1FD40F22551014800F026F910BD6C
:1036C00000380140A4000020A8970020C415002065
:1036D00010B50446FDF73AFF2046FDF76BFFFDF7F6
:1036E00057FF10BD10B50446E1B2064800F0FFF9DF
:1036F00000BF8021034800F02CF90028F9D02046B3
:1037000010BD00000038014000B58BB00121084613
:10371000FFF708FC1148FDF751FE114800901148D1
:103720000190002002904FF48070039000200490DC
:103730008020059000200690079008904FF440509C
:10374000099000200A9069460448FDF7DDFE01213A
:103750000248FDF727FE0BB000BD0000300002401C
:1037600004480040A898002008B501210920FFF76F
:10377000F9FB4FF48060ADF8000002208DF80200E4
:1037800018208DF8030069460748FEF725F84FF426
:103790000060ADF8000004208DF80300694602487F
:1037A000FEF71AF808BD0000000C014010B540F209
:1037B0002441174800F0DAF840B300211548FDF71E
:1037C000F1FD134800881248001D00884FF48071F5
:1037D0001048FDF7B7FE01210E48FDF7E3FD0E4846
:1037E000007898B10C48FCF76DFD02280ED9002036
:1037F000094981F8FF0000231A460848006805F0CF
:10380000B1F84FF480710448FCF735FD10BD00009D
:103810000048004030000240A8980020C015002059
:1038200010B50446FFF7A0FF204600F02BF800F08B
:1038300003F8FFF769FF10BD08B527208DF80000D9
:1038400000208DF8010001208DF802008DF80300A2
:103850006846FFF7CDF808BD70B505460E46002452
:103860000BE000BF4021064800F073F80028F9D0B3
:10387000295D034800F03BF9641CB442F1D370BDEC
:10388000004800401FB5044601218804FFF75AFB99
:1038900000940020ADF80400ADF80600ADF8080073
:1038A000ADF80C000C20ADF80A006946114800F094
:1038B000ADF840210F4800F01FF8002240F22661C9
:1038C0000C4800F07DF8002240F22551094800F034
:1038D00077F8012240F22441064800F071F80122F5
:1038E0004021044800F02CF80121024800F01CF8A7
:1038F0001FBD00000048004001F40072B2F5007FD7
:1039000000D100BFCA430280704710B500220023D7
:1039100040F66A14A14200D100BF0A12012494406B
:10392000A3B2DC43048010BD21B1828942F400526D
:10393000828104E082894DF6FF731A4082817047CC
:103940001AB1838A0B43838202E0838A8B4383828A
:10395000704702460020B1F5007F00D100BF1388F8
:103960000B400BB1012000E00020704770B502460B
:10397000002400230025002040F66A16B14200D141
:1039800000BFC1F3421501F01F03012606FA03F33D
:10399000012D02D19689334006E0022D02D1168A0C
:1039A000334001E0968A33400C12012606FA04F4F3
:1039B0001688344013B10CB1012000E0002070BD26
:1039C000F0B50346002400260025002040F66A17C3
:1039D000B94200D100BF1846C1F3421401F01F06DE
:1039E000012707FA06F5012C01D10C3004E0022C66
:1039F00001D1103000E014301AB107682F4307607E
:103A000002E00768AF430760F0BD00002DE9F04712
:103A100086B005460E460024A24600BFA1460027F8
:103A2000B08900B100BF2F462C8A4CF6FF700440CD
:103A3000F08804432C82AC894EF6F3100440B08821
:103A400031890843718908430443AC81AC8A4FF63D
:103A5000FF400440B0890443AC8201A8FFF792FA0A
:103A60001F48874202D1DDF810A001E0DDF80CA06C
:103A7000A88900F4004040B10AEBCA0000EB0A102C
:103A800031684900B0FBF1F807E00AEBCA0000EB2F
:103A90000A1031688900B0FBF1F86420B8FBF0F03F
:103AA00004012009642101FB1089A88900F4004069
:103AB00040B1322000EBC900B0FBF1F000F007008C
:103AC000044308E0322000EB09106421B0FBF1F060
:103AD00000F00F0004432C8106B0BDE8F087000021
:103AE0000038014001468888C0F308007047C1F3E0
:103AF0000802828070470FB470B586B006460CA8E5
:103B0000019073E00B9800785C281CD10B98401C46
:103B10000B9000786E2809D072280FD10D21304605
:103B2000FFF7E5FF0B98401C0B900BE00A21304695
:103B3000FFF7DDFF0B98401C0B9003E00B98401C37
:103B40000B9000BF4BE00B980078252840D10B98D4
:103B5000401C0B900078642818D0732833D101984A
:103B600010C801900BE021783046FFF7C0FF00BF7E
:103B700080213046FFF7EDFE0028F9D0641C207844
:103B80000028F0D10B98401C0B9020E0019820C831
:103B900001900A2202A9284601F024F802AC0BE0A9
:103BA00021783046FFF7A3FF00BF80213046FFF7A2
:103BB000D0FE0028F9D0641C20780028F0D10B98A2
:103BC000401C0B9003E00B98401C0B9000BF06E0DC
:103BD0000B9810F8011B0B903046FFF788FF00BFD1
:103BE00080213046FFF7B5FE0028F9D00B98007809
:103BF000002887D106B070BC5DF814FB00BFFEE75B
:103C00000FB4054B10B503A9044A029800F098F9C7
:103C100010BC5DF814FB0000D54A0008DC1500203C
:103C20000FB47CB50C0009AD01D0611E00E000218D
:103C3000CDE90001064B6A462946089800F080F954
:103C4000002C02D0009A002111707CBC5DF814FB9E
:103C5000474600080FB4084B10B504A902AA039800
:103C600000F06EF9044602A9002000F0F7FC20469F
:103C700010BC5DF814FB00005D460008490050EAE6
:103C8000C12018BF04204A0D18BF40F0010040F2C7
:103C9000FF72B2EB515F08BF40F00200012808BF7D
:103CA000052070472DE9F0414F1E00EBC701044687
:103CB000D1E9000115461E4637F006020DD02A460E
:103CC0003346FCF78DFC7F1E04EBC703D3E90023CA
:103CD000FCF7DFFB37F00602F1D1022F25D0042FCD
:103CE00013D0062F18BFBDE8F0812A463346FCF7F3
:103CF00077FCD4E90A23FCF7CCFB2A463346FCF7D1
:103D00006FFCD4E90823FCF7C4FB2A463346FCF7D2
:103D100067FCD4E90623FCF7BCFB2A463346FCF7D4
:103D20005FFCD4E90423FCF7B4FB2A463346FCF7D6
:103D300057FCD4E90223FCF7ACFB2A463346FCF7D8
:103D40004FFCD4E90023BDE8F041FCF7A2BB000022
:103D50000022134610460149FCF76ABE0000F03FFE
:103D6000FCF797BB0022134610461146FCF760BED5
:103D700040F2013200204FF0E041FCF7C8BE0000E5
:103D8000024A00201107FCF7C2BE000001FDFFFF40
:103D900002E008C8121F08C1002AFAD17047704714
:103DA000002001E001C1121F002AFBD17047000072
:103DB0000149086070470000E81500202DE9FF5F09
:103DC00082B00021DDE90430020DDDF840B003438C
:103DD00018D044F61050A2F2FF3242431514119845
:103DE00001281FD0A5EB0B00401C5FEA000A4FF032
:103DF00000064E4FDFF83891B046504615D5CAF14F
:103E0000000413E0119801244AA3012801D16FEAAC
:103E10000B010298119AC0E90031C0E9024206B0D4
:103E2000BDE8F09FCBF10000DFE704460021404AE7
:103E3000491842EB0450CDE9001012E0E00707D02A
:103E400032463B4640464946FCF7CAFB8046894617
:103E500032463B4610461946FCF7C2FB06460F4663
:103E60006410002CEAD1DDE90401DDE90023BAF198
:103E7000000F06DAFCF7B4FB42464B46FCF7B0FBFA
:103E800005E0FCF7D5FD42464B46FCF7D1FD044664
:103E90000E460022284BFCF793FC03D84FF0FF306E
:103EA000014607E00022254B20463146FCF7F1FA97
:103EB000FCF744FE102409E0002C0ADB0A22002350
:103EC000FCF7C0FC039B30321A55641E50EA010215
:103ED000F2D1641C039AC4F111031444119A012A0B
:103EE00003D0012208430DD10AE0084304D000208A
:103EF0004FF0110B119072E7A3EB0B056D1E0DE057
:103F00005B4504DD4FF0000205F1010504E003DA32
:103F10004FF00002A5F10105002AECD0029811999A
:103F2000C0E90231C0E9004579E700000000144013
:103F30000000F03F300000000000F0430000E03FD0
:103F40002DE9FF4F95B09A46884606460025EEE1DA
:103F5000252877D100242746F94A0121039400E05F
:103F6000044316F8013F203B01FA03F01042F7D159
:103F700030782A2811D06FF02F033078A0F130026A
:103F8000092A16D8039A44F0020402EB820203EBDA
:103F900042021044761C0390EFE758F8042B03927A
:103FA000002A03DA504244F40054039044F002041F
:103FB000761C30782E2816D116F8010F44F0040430
:103FC0002A280DD06FF02F023078A0F13003092B92
:103FD00009D807EB870302EB4303C718761CF3E706
:103FE00058F8047B761C30786C280FD006DC4C28FF
:103FF00017D068280DD06A2814D104E0742810D096
:104000007A280FD10DE044F400140AE044F480143F
:1040100001E044F440147278824202D104F5801425
:10402000761C761C307866280BD013DC582877D0A5
:1040300009DC002875D04528F6D04628F4D047285A
:104040001AD193E118E0632835D0642879D0652827
:1040500012D18BE1702873D008DC6728F1D0692871
:104060006FD06E280DD06F2806D1ACE073282CD00D
:10407000752874D0782853D05246179990476D1CF4
:1040800054E1C4F30250022809D003280DD0D8F817
:10409000001004280DD00D6008F1040846E1D8F89E
:1040A0000010EA17C1E90052F6E7D8F800100D80B9
:1040B000F2E70D70F0E718F8041B8DF800100020EF
:1040C0008DF80100EB46012003E058F804BB4FF0E7
:1040D000FF3061074FF0000102D40DE009F101014A
:1040E0008946B9420FDA8145F8DB1BF8091000292F
:1040F000F4D108E009F1010189468142FADB1BF89D
:1041000009100029F6D103985346A0EB0907214670
:104110003846179A00F080FA284400EB090507E0BA
:1041200044E008E10DE01BF8010B52461799904757
:10413000B9F10109F7D2534621463846179AF2E001
:1041400039E00A21C4F302524FF0000B0091022A19
:1041500006D058F8040BC117032A09D00AE023E05F
:1041600008F1070020F00702F2E80201904605E09E
:1041700000B2C117042A01D140B2C117002906DAE2
:104180000A460021404261EB02012D2202E0220595
:1041900004D52B228DF80420012203E0E20701D090
:1041A0002022F7E7914657E00A2100E010214FF066
:1041B000000B00910BE010214FF0000B44F00404C1
:1041C0000827009103E008204FF0000B0090C4F393
:1041D0000252022A05D058F8040B0021032A08D005
:1041E00008E008F1070020F00702F2E8020190461B
:1041F00003E080B2042A00D1C0B24FF000092207C8
:104200002AD53278702A07D0DDF800C08CF0100C67
:104210005CEA0B0C05D00EE040228DF80420012250
:1042200008E050EA010306D030238DF804308DF801
:10423000052002229146009B83F0080353EA0B03FA
:104240000AD150EA010201D1620705D530228DF86A
:1042500004204FF001097F1E3278582A04D039A279
:104260000C920CAA02920BE03BA2F9E75B46009A83
:10427000FCF7E8FA0C9B9B5C029A521E02921370A8
:1042800050EA0102F2D1029804A9081A00F1200BA9
:10429000600702D524F4803400E001275F4502DD89
:1042A000A7EB0B0000E0002000EB0B01009003984F
:1042B0004944401A0390E00306D453462146179A16
:1042C000039800F0A9F90544002706E001A852462A
:1042D000C05D179990476D1C7F1C4F45F6DBE003CE
:1042E0000CD553462146179A039800F095F90544DA
:1042F00004E030205246179990476D1C0099481EE3
:1043000000900029F5DC08E00298029952460078F6
:10431000491C0291179990476D1CBBF10001ABF14C
:10432000010BF1DC5BE100F065F90544761C3078A7
:1043300000287FF40DAE19B02846BDE8F08F0000CC
:10434000092801003031323334353637383961626B
:10435000636465660000000030313233343536372F
:10436000383941424344454600000000600700D40C
:10437000062708F1070020F00700F0E80223804636
:1043800003F0004C5FEA0C0001D097A009E0200583
:1043900001D596A005E0E00701D095A001E0AFF2BD
:1043A0004C001390307823F0004365280CD006DCD5
:1043B000452809D046281DD047287FD13BE06628F4
:1043C00018D067287AD136E00021112F01DB1120A7
:1043D00000E0781CCDE9000104A90CA8FFF7EEFC71
:1043E000DDE90D010C9A4FF0000B07F10109109265
:1043F00000914EE04FF000400097CDE9011004A974
:104400000CA8FFF7DBFCDDE90D020C9B0F994FF0C8
:10441000000B91461093009211B9791C00EB010931
:10442000B7EB090003D4C0F1FF3B07F10109A9EB89
:104430000700019042E0012F00DA01270021112F2F
:1044400001DD112000E03846CDE9000104A90CA8E7
:10445000FFF7B4FCDDE90D010C9A00914FF0000B61
:10446000B946109221070FD4009A4A4503DA9146C3
:1044700001E0A9F10109B9F1010F05DD109AA9F1D7
:104480000101515C3029F4D0B84202DA10F1040F76
:1044900003DA0121CDE9011010E0002803DC834498
:1044A000A9EB000102E0411C494500DD8946A0EB73
:1044B0000B00401C01904FF000400290200705D4F3
:1044C0000198484502DB4FF0FF30019000208DF845
:1044D0004B0002980DF14B07B0F1004F25D00220A0
:1044E0000C902B200D90029800280CDA404202908C
:1044F0002D200D9007E00A210298FCF78DF930314C
:10450000029007F8011D0C99481E0C900029F2DC5E
:1045100002980028EFD1791E0D980870307800F0CD
:10452000200040F0450007F8020D11A8C01BC01D77
:1045300002901398007800B1012000EB0901019866
:1045400001EBE071029801440398401A401E039069
:10455000E00306D453462146179A039800F05CF80E
:1045600005441398007818B15246179990476D1C6E
:10457000E00323D553462146179A039800F04CF8E0
:1045800005441BE0BBF1000F07DB0098584504DD34
:104590001098179910F80B0001E017993020524637
:1045A000904701980BF1010B401E05F101050190A8
:1045B00004D12E205246179990476D1CB9F1000185
:1045C000A9F10109DEDC05E017F8010B5246179945
:1045D00090476D1C0299481E02900029F4DC534656
:1045E0002146179A03989EE62D0000002B0000003C
:1045F000200000002DE9F041044600251E46174624
:10460000880404D405E039462020B0476D1C641EA0
:10461000F9D52846BDE8F0812DE9F0410446002592
:104620001E469046C80301D5302700E020278804A5
:1046300004D505E041463846B0476D1C641EF9D5E7
:104640002846BDE8F0814A68002A06D00A68531C53
:104650000B6010704868401E486070470A68531C21
:104660000B6010707047000010B50246002309E08F
:10467000064800680078107004480068401C034C2D
:1046800020605B1C8B42F3DB084610BD88150020C0
:1046900070B5044622E02568A08900F4807020B936
:1046A000A06810B1A068FFF7F3FFA08900F4807044
:1046B00028B9206918B10B49206909688847A08981
:1046C00000F4007028B9206A18B10649206A096808
:1046D000884720460349096888472C46002CDAD1D0
:1046E00070BD0000D815002010B5282005490968C4
:1046F000884704461CB128212046FBF7BCFD204614
:1047000010BD0000D415002010B50446002211464B
:10471000204600F001F810BD2DE9F04780460D4617
:1047200016460024FFF7E0FF074600201249086004
:104730000FB9BDE8F087404603F03EF88146494690
:10474000384600F0A7FE044624B93846FFF7A0FF1C
:104750000020EEE766B1204603F02EF804462078EC
:1047600030B13846FFF794FF034804600020E0E7CB
:1047700005B12C603846DCE7D015002010B50446A2
:10478000002301221946204602F0CEF810BD000099
:1047900070B504462046FBF795FD451C28460649A2
:1047A00009688847061E00D170BD2A46214630465A
:1047B000FBF748FD3046F7E7D415002010B5044656
:1047C00003490420FBF71EFD01200249086010BDCB
:1047D0001D3400089815002010B5FF2419A11AA057
:1047E00000F008FB002822D11BA11E48FBF74EFD5C
:1047F00008B1022423E01CA11A48FBF747FD08B1C9
:1048000003241CE01BA11748FBF740FD08B104245A
:1048100015E01BA11348FBF739FD08B105240EE094
:104820001AA11048FBF732FD48B1042407E019A192
:104830000C48FBF72BFD08B1062400E007242046B6
:1048400010BD00004F4B000041542B4349505354BE
:10485000415455530D0A00005354415455533A32B4
:1048600000000000A49A00205354415455533A3399
:10487000000000005354415455533A3400000000E6
:104880005354415455533A3500000000434C4F53A4
:10489000450000006275737920732E2E2E000000F3
:1048A0002DE9F0410646374613480068874201D19A
:1048B00000241EE003F0EAFB7D6903F0F9FB0F48DA
:1048C0000068854203D00E480068854201D1022469
:1048D0000FE00C48854205D1B86A08B9032408E006
:1048E000022406E00848854200D00DB9042400E007
:1048F00001242046BDE8F081280000202C00002083
:10490000300000206C170020581700202DE9F041DE
:1049100004460E460CB1206810B90020BDE8F081B5
:10492000A06806446068B04203DBA16820680844C0
:10493000F4E7304601F0F8FA074638460D490968B1
:10494000884705463DB90C4920680968884700201A
:1049500060602060E2E725B12846D4E90012FBF749
:1049600071FC054920680968884767602560A06870
:104970002844D3E7D4150020D815002010B50446EC
:104980000948416E2046FBF781FC10B10020064922
:104990004866642221460448FBF754FCC8210348BA
:1049A000FBF769FC10BD0000A49A00200C9B0020BE
:1049B00008B501210846FEF7D5FA01210A48FCF79F
:1049C00097FF01210420FEF7CDFA4FF40040ADF827
:1049D000000003208DF8020010208DF803006946C6
:1049E0000248FCF7F9FE08BD000230000008014053
:1049F00010B5FFF7DDFF10BD2DE9F041C1F30A52FC
:104A0000A2F2FF362F4A304B0D460446142E2FDA01
:104A1000002E12DAFBF73DFD00221346FBF7D0FE15
:104A20004CD2002DA4BF0024254647DA25F00040D3
:104A3000204318BF254D41D018E0DFF894C02CFA70
:104A400006F705EA070C5CEA040C08BFBDE8F08134
:104A5000FBF71FFD00221346FBF7B2FE2ED2002DFE
:104A600003DA4FF48010F0400544BD43002425E0F4
:104A7000332EC8BFBDE8F081A6F1140C4FF0FF370C
:104A800027FA0CF73C4208BFBDE8F081FBF7A5FD13
:104A900000221346FBF794FE10D2002D0DDA142EDF
:104AA00008BF6D1C09D0C6F13400012101FA00F0E5
:104AB0002044A04238BF6D1C0446BC432946204612
:104AC000BDE8F0819C7500883CE4377E0000F0BFB3
:104AD000FFFF0F0070B504460D462046FEF702FEAC
:104AE00070BD000010B5002821D0114B0022001F1E
:104AF000196803E0814203D80A4649680029F9D1C0
:104B000052B11368841A9C4204D1006818441060A2
:104B1000104602E0506000E0186039B102680B1ADC
:104B2000934203D10B681A4402604968416010BD8A
:104B3000E015002010B5FCF7E7FB012811D1032098
:104B40000B49087000200B490870487088704FF4BA
:104B5000BF7209A111A0FFF753F800201749087090
:104B600005E040F2831204A115A0FFF749F810BD3B
:104B70007C1500207E1500202E2E5C536F7572630D
:104B8000655C657370383236365C65737038323602
:104B9000365F68616E646C65722E630025735F25F5
:104BA000643A636F6E6E656374205443502073657E
:104BB00072766572204F4B0D0A0D0A009515002084
:104BC00025735F25643A636F6E6E6563742054438A
:104BD0005020736572766572204661696C0D0A0D0E
:104BE0000A000000F0B503460D4616460027294688
:104BF0000A2E03D0002008702846F0BD33B93020BB
:104C000001F8010B002008702846F6E7002B03DAB4
:104C10002D2001F8010B5B4242F210720DE093FB74
:104C2000F2F404B937B104F1300001F8010B04FBD0
:104C3000123301270A2092FBF0F2002AEFDC002059
:104C400008702846D9E700001CB5FCF7BFF9FFF74C
:104C5000CFFE00224FF40071012003F0DDFC254956
:104C6000086000224FF40071012003F0D5FC2249B6
:104C7000086000200A2103468022CDE900101FA110
:104C8000234803F0EBFE0020092103468022CDE9F2
:104C9000001020A1244803F0E1FE00200821034673
:104CA0004A01CDE9001021A1254803F0D7FE0020DC
:104CB000072103468022CDE9001022A1264803F0F7
:104CC000CDFE0020072103464FF48072CDE900108D
:104CD00022A1264803F0C2FE0020092103468022BB
:104CE000CDE9001022A1274803F0B8FE03F0B2FB83
:104CF00000201CBDC0150020C415002076416E6147
:104D00006C79736973556172744461746100000059
:104D10008179000876457370383236365F4D6169A7
:104D20006E5F5461736B0000BD7A0008764D51547C
:104D3000545F48616E646C65725F5461736B000010
:104D4000A97D0008764D5154545F526563697665BC
:104D50005F5461736B0000001D8000084D71747416
:104D60005472616E6D69745461736B00A9270008F9
:104D700076436F6C6C65637453656E736F725461C8
:104D8000736B0000A97A0008F0B50B30154D20F0C8
:104D900007010024144A0FE003688B420BD38B42B7
:104DA00005D95E1A43184768C3E9006700E0436805
:104DB000136002C004E0021D10680028ECD12046F8
:104DC000002802D1286808B10020F0BD064A074833
:104DD0001060074A121A22F00702C0E900240120DD
:104DE0002860D7E7E4150020E0150020F49E00209D
:104DF000F0A0002070B505460C46C82629460C4890
:104E0000FEF779FE0B4844660CB9002070BD02E045
:104E1000022003F0CBF90748406E18B1701EC0B2F3
:104E2000061EF5D1002E01DD0020EFE70120EDE7A1
:104E300000480040A49A00202DE9F04705460C46A2
:104E400020785B2804D0264804600020BDE8F08765
:104E50000520E860601C02F0AFFC044620785D2865
:104E600001D1601CF2E7FFF73FFC0646A860A86886
:104E700008B90020EAE7204602F09EFC8046414641
:104E8000304600F007FB074602F096FC04460CB9DA
:104E90000020DBE717E0FFF727FC071E00D1D5E76E
:104EA00037607E603E46601C02F086FC81464946C3
:104EB000304600F0EFFA804602F07EFC04460CB962
:104EC0000020C3E700BF20782C28E4D020785D289C
:104ED00001D1601CBAE7024804600020B6E7000078
:104EE000D0150020014600220878302806DB08781B
:104EF000392803DC08783038024415E00878412866
:104F000006DB0878462803DC0878373802440BE0D3
:104F10000878612806DB0878662803DC08785738AB
:104F2000024401E0002070471201491C0878302833
:104F300006DB0878392803DC08783038024415E0AD
:104F40000878412806DB0878462803DC08783738DB
:104F500002440BE00878612806DB0878662803DC49
:104F600008785738024401E00020DCE71201491CB0
:104F70000878302806DB0878392803DC08783038D0
:104F8000024415E00878412806DB0878462803DC4F
:104F90000878373802440BE00878612806DB087887
:104FA000662803DC08785738024401E00020BAE79D
:104FB0001201491C0878302806DB0878392803DC00
:104FC00008783038024415E00878412806DB087874
:104FD000462803DC0878373802440BE0087861285B
:104FE00006DB0878662803DC08785738024401E0BD
:104FF000002098E7104696E72DE9F04F8BB08346E6
:105000008A460020044605460026674F0021884650
:1050100089460990012008909AF800002D2802D1B5
:10502000624F0AF1010A9AF80000302801D10AF112
:10503000010A9AF80000312822DB9AF8000039288A
:105040001EDC00BF1AF8011BA1F13000FBF743FB87
:105050000022574BCDE9060120462946FBF7C0FA4E
:10506000CDE90401DDE90623FBF713FA04460D46FA
:105070009AF80000302803DB9AF800003928E1DDB7
:105080009AF800002E2830D19AF8010030282CDB45
:105090009AF80100392828DC0AF1010A00BF1AF841
:1050A000011BA1F13000FBF716FB0022404BCDE9BC
:1050B000060120462946FBF793FACDE90401DDE914
:1050C0000623FBF7E6F904460D460022364B404620
:1050D0004946FBF77FFA804689469AF80000302857
:1050E00003DB9AF800003928D9DD9AF8000065281A
:1050F00003D09AF80000452823D10AF1010A9AF852
:1051000000002B2802D10AF1010A08E09AF80000F9
:105110002D2804D14FF0FF3008900AF1010A08E071
:105120001AF8010B3038099901EB810100EB4100BD
:1051300009909AF80000302803DB9AF8000039281B
:10514000EEDDDDE9082101FB02F0FBF7C4FA42467F
:105150004B46CDE90001FBF79CF902460B46CDE931
:1051600002010020124900F0F3F922462B46CDE956
:10517000060130463946FBF733FACDE90401DDE993
:105180000623FBF72DFA04460D46CBE906452046DB
:105190002946FBF7CAFACBF814000320CBF80C0021
:1051A00050460BB0BDE8F08F0000F03F0000F0BFAC
:1051B000000024402DE9F04706460C4620787B2865
:1051C00004D0404804600020BDE8F0870620F0606D
:1051D000601C02F0F1FA044620787D2801D1601CA1
:1051E000F2E7FFF781FA0546B060B06808B9002021
:1051F000EAE7204602F0E0FA80464146284600F001
:1052000063F8074602F0D8FA04460CB90020DBE741
:10521000286928620020286120783A2803D029488C
:1052200004600020D0E7601C02F0C6FA80464146C8
:10523000284600F02FF9074602F0BEFA04460CB9E2
:105240000020C1E731E0FFF74FFA071E00D1BBE7AE
:105250002F607D603D46601C02F0AEFA81464946F3
:10526000284600F031F8804602F0A6FA04460CB950
:105270000020A9E7286928620020286120783A28C0
:1052800003D01048046000209EE7601C02F094FAEE
:1052900081464946284600F0FDF8804602F08CFA27
:1052A00004460CB900208FE700BF20782C28CAD014
:1052B00020787D2801D1601C86E702480460002028
:1052C00082E70000D01500202DE9F05F8346884674
:1052D00008F10104002798F80000222805D06A4848
:1052E000C0F800800020BDE8F09F04E014F8011B26
:1052F0005C2900D1641C2078222804D0207810B1C9
:10530000781C071EF2D1781C6049096888478146DD
:10531000B9F1000F01D10020E5E708F101044D4685
:105320009EE020785C2804D014F8010B05F8010BEE
:1053300096E0641C2078722818D006DC622809D018
:1053400066280BD06E287DD10CE0742812D0752809
:10535000F9D113E0082005F8010B7FE00C2005F8D7
:10536000010B7BE00A2005F8010B77E00D2005F822
:10537000010B73E0092005F8010B6FE0601CFFF7DB
:10538000B1FD0646241DB6F55C4F02D3B6F5604F5D
:1053900000D306B962E0B6F5584F1CD3B6F55C4FA2
:1053A00019D260785C2802D1A078752800D055E029
:1053B000E01CFFF797FD8246A41DBAF55C4F02D3AF
:1053C000BAF5604F00D349E0C6F30901504661F3D6
:1053D0009F2000F580360427802E01D2012708E0A7
:1053E000B6F5006F01D2022703E0B6F5803F00D288
:1053F00003273D44012F20D0022F15D0032F0AD0C0
:10540000042F24D106F0BF0040F08001681E05463D
:105410000170B60900BF06F0BF0040F08001681EB1
:1054200005460170B60900BF06F0BF0040F08001DC
:10543000681E05460170B60900BF1548C05D3043BF
:10544000C1B200E006E0681E0546017000BF00BF63
:105450003D4403E0207805F8010B00BF00BF641C49
:105460002078222803D0207800287FF45AAF00202B
:1054700028702078222800D1641CCBF810900420DA
:10548000CBF80C0020462EE7D0150020D4150020C4
:105490001495000870B505460C460CB9002070BD87
:1054A000042224A12046FAF71DFF18B90220E86063
:1054B000201DF4E7052221A12046FAF713FF18B9B1
:1054C0000020E860601DEAE704221EA12046FAF7EA
:1054D00009FF20B90120E8606861201DDFE720781E
:1054E000222804D121462846FFF7EEFED7E7207890
:1054F0002D2805D02078302807DB2078392804DCD7
:1055000021462846FFF778FDC9E720785B2804D1BB
:1055100021462846FFF790FCC1E720787B2804D17C
:1055200021462846FFF746FEB9E7084804600020F8
:10553000B5E700006E756C6C0000000066616C736E
:10554000650000007472756500000000D015002031
:105550002DE9F04D1D460C4698B0174621F000414C
:1055600023F00043002814BF4FF0010C4FF0000C53
:105570000CEB440CFE4A0CEB02064FEA620C66454B
:105580002BD33E0018BF012606EB45061644F94A08
:10559000964222D3F84A53EA070C02D0944205D12E
:1055A00048B918B000201146BDE8F08D002808BFAA
:1055B0004FF0000C01D04FF0010C0CEB440212F53F
:1055C000001F0AD8002F14BF4FF0010C4FF0000C41
:1055D0000CEB450212F5001F07D918B03A462B46CE
:1055E0002146BDE8F04DFEF7BBBB0022DFF88CA3DF
:1055F000002CB8BF534526DADFF884C36345A8BF43
:10560000022220DADFF870C39C451CDCDFF874C38B
:105610000CEB235CBCF1140F08DDCCF1340627FA47
:1056200006FC0CFA06F6BE420DD108E05FB9CCF1DB
:10563000140623FA06FC0CFA06F69E4203D10CF07F
:105640000102C2F1020251EA000C19D1002D17DA51
:10565000002C18BF022A01D0012A07D00220FEF731
:10566000A7FB18B0BDE8F04DFEF772BB0220FEF7B5
:105670009FFBFEF76DFB18B081F00041BDE8F08D97
:10568000B7F1000C6CD1534525D104F1804212F5DD
:10569000801201BF00280020B74918B008BFBDE83C
:1056A000F08DB548884207DC002DA1BF6046294631
:1056B00018B0BDE8F08D07E0281E05DA80F0004143
:1056C00018B06046BDE8F08DAF497944D1E90001DA
:1056D00018B0BDE8F08DDFF8A0C2634525D1002DDC
:1056E0001FDA19B1514512D1D8B909E0002840F0AC
:1056F000EC82A24A214618B062F31E01BDE8F08D8B
:105700000020214618B060F31E01BDE8F08D08DAD4
:1057100018B02346BDE8F04D024600206146FBF775
:1057200087B918B02146BDE8F08D514518DAB5F1BA
:10573000804F0DD0A5F1005CBCF1FF5C10D1B4F13D
:10574000000C0DDB18B06146BDE8F04D02F03DB82D
:10575000234618B00246BDE8F04D1946FAF740BF9F
:10576000060024F0004C3BD1D9B1514533D1002C77
:1057700006DD002DA1BF0020514618B0BDE8F08D18
:10578000002C01DD002D1BDB002C13DA002D11DBBA
:10579000012A4FF0000014BF78497C4918B0BDE8D9
:1057A000F08D022A18BF002C0AD0012A08D1002C43
:1057B00006DA0AE0002CB8BF002D11DA012A04D065
:1057C000002018B00146BDE8F08D18B000204FF061
:1057D0000041BDE8F08DA1F14050B0F17F601AD0DA
:1057E000012000EBE47050EA020421D0624C521E0A
:1057F0004FF0000B104304BF4FF0000B644C6548A2
:1058000083427CDD644A654893421FDD884217DB92
:10581000002D25DB37E0002C00DA4AB1022A0CBF4C
:1058200001204FF0FF3018B0BDE8F04DFAF753BF3C
:105830000120FEF7BDFA18B0BDE8F04DFEF792BAB0
:105840004D4A8A4202DC002D0ADC1CE0814202DA69
:10585000002D18DA04E0484B994220DD002D12DDBE
:105860000220FEF7A5FAFEF783FA05460E4600224F
:10587000534658462146FAF7B3FE18B066F31E01A8
:105880002846BDE8F08D0220FEF792FAFEF778FA7E
:105890000A46214618B062F31E01BDE8F08D0022D1
:1058A00030466146FAF796FE80460E466FF00102DA
:1058B000FBF72DF94FF05532394BFAF78EFE424681
:1058C0003346FAF78DFE0022364BFAF786FE824603
:1058D00042463346049110461946FAF781FE524675
:1058E000049BFAF77DFE8A4600904FF0C0422E4B93
:1058F00040463146FAF774FE2C4A2B4B00E027E075
:10590000CDE9060151460098FAF76AFE82460191F8
:10591000274A284B40463146FAF762FE5246019B21
:10592000FAF758FE82460B4602460591DDE906016C
:10593000FAF7AFFDDDE90623002688463046FAF780
:1059400049FE5246059BFAF748FE024600F07EB932
:105950000020B1F5801F07DA352230466146FBF79B
:10596000D6F806466FF0340000EB215024E000002A
:10597000FFFF1F00FFFF0F000000F03F0000F07F5F
:105980000000404301FCFFFFDA3E00000000F0FF92
:105990000000F0BF0000E0410000F043FFFFEF3FD8
:1059A0005555D53F0000E03F4715F73FFE822B6578
:1059B00044DF5DF80BAE543EA0F2FF300190C1F31E
:1059C000130040F07F6141F040510291FE4988424E
:1059D000D8BF002004DDFD498142C8BF012001DDA0
:1059E0000D9008E000200D900198401C0190029855
:1059F000A0F5801002900299F54878440B910D991A
:105A000000EBC100D0E900230F9330460A920B99B6
:105A1000FAF7E0FDCDE90601DDE90A2130460F9BEA
:105A2000FAF737FD02460B460020EA49FBF700F87B
:105A3000059102460B460090DDE90601FAF7D0FD1C
:105A40001490E5488A464FF00008784402990068AF
:105A500012904FF0005040EA61010D980F9B01EB4E
:105A6000804000F5002109910A9A1298FAF7B2FDD8
:105A700032460B9BFAF7B1FD42465346FAF7B0FDAA
:105A80000646029140465146099B129AFAF7A8FD34
:105A9000DDE90623FAF7A1FD3246029BFAF79AFDEB
:105AA000059B009AFAF79CFD0091149A04905346C6
:105AB00010461946FAF794FD06460246C7480B46BB
:105AC000029106217844FEF7EDF8CDE90510029B1E
:105AD000324610461946FAF783FDDDE90532FAF73A
:105AE0007FFD05910646534640461946149AFAF73B
:105AF000D0FC009B049AFAF773FD3246059BFAF737
:105B0000C8FCCDE905104246534610461946FAF73F
:105B100067FD0022B24B02910A90FAF7BAFCDDE968
:105B20000532FAF7B6FC0E464246AD4B4046FAF750
:105B300051FD029B0A9AFAF74DFDDDE90532FAF7AD
:105B40004CFD424602910A90334610465146FAF700
:105B500047FDCDE906015346149A02990A98FAF7CF
:105B60003FFD8A4602903346424600990498FAF770
:105B700037FD5346029AFAF78CFC82460B460246E2
:105B80000591DDE90601FAF784FCDDE90623002032
:105B900088460646FAF71EFD5246059BFAF71DFD9C
:105BA000824609914FF060428E4B30464146FAF7EB
:105BB00017FD049006918C4A8A4B50460999FAF7D2
:105BC0000FFD82460291894A894B30464146FAF7D9
:105BD00007FD5246029BFAF75CFC864B7B440D9A0C
:105BE00003EBC203D3E90023FAF753FC0E900791AD
:105BF0000198FAF770FD0591DDE9061382460E9AC9
:105C00000498FAF746FC7C4A7A440D9B02EBC303E6
:105C1000D3E9002300930292FAF73BFC5246059B1E
:105C2000FAF737FC0026884652463046059BFAF7BD
:105C3000D1FC009B029AFAF7CDFC069B049AFAF776
:105C4000C9FC079B0E9AFAF7C8FC024600200B46D7
:105C5000029038462946FAF7C3FC824601912B464A
:105C600038461946029AFAF7B5FC32464346FAF727
:105C7000B7FC5246019BFAF70CFC07468A463246AF
:105C8000434629460298FAF7ABFC05460E463A46CB
:105C90005346FAF7FEFB594A8846914221DBA8EBAE
:105CA000020353EA000210D12A463346FAF792FC67
:105CB000CDE90401524A534B38465146FAF7E9FB05
:105CC000DDE90423FAF77CFD21D20220FEF770F80B
:105CD000FEF74EF80A46214618B062F31E01BDE8F1
:105CE000F08D494B28F000429A4210D3474A08EB06
:105CF000020353EA00027FF4C6AD2A463346FAF7A0
:105D000069FC3A465346FAF75BFD7FF6BCAD0022CC
:105D1000019228F000403E493E4A01EB2051824268
:105D200023DA481C4FF4801121FA00F040443A4A2B
:105D3000C0F30A517A44394BA1F2FF31CB4020EA3B
:105D40000303C0F3130040F48010C1F11401C840F4
:105D500012680190B8F1000FBCBF40420190284684
:105D60003146FAF737FC05460E462A463346384692
:105D70005146FAF78EFB4FF000084246284B40464A
:105D80000591FAF72DFCCDE90601264A264B40463F
:105D90000599FAF725FC009102902A4633464046C1
:105DA0000599FAF717FC3A465346FAF716FC1F4ACC
:105DB0001F4BFAF715FC009B029AFAF76AFB07469D
:105DC000884602460B4635E08E9803007AB60B00F3
:105DD000223B00000000F03F5A3B0000883A0000E0
:105DE0000000084009C7EE3FFD033ADCF5015B14F3
:105DF000E02F3EBE603900002439000000009040D2
:105E0000FE822B654715973C00CC904000346F3FD5
:105E100001FCFFFF0000E03F70380000FFFF0F00B3
:105E2000432EE63F396CA80C615C20BEEF39FAFEC8
:105E3000422EE63FDDE90601FAF72BFBDDE90623FA
:105E400005460E46FAF7C6FB3A464346FAF7C5FB47
:105E50000F462A463346009010461946FAF7C0FB13
:105E6000824602462E4888460B4605217844FDF7B7
:105E700019FF52464346FAF7B3FB2A463346FAF770
:105E8000ACFB80468A463B4628463146009AFAF7E4
:105E9000A7FB3B46009AFAF7FCFA06910090002215
:105EA0004FF0804340465146FAF794FB0F460C9062
:105EB0004246534628463146FAF792FB3B460C9A37
:105EC000FAF7B6FD069B009AFAF784FB2A4633469A
:105ED000FAF780FB0022134BFAF77FFB0546019887
:105EE0000E4601EB00510815002810DC284631460B
:105EF000019AFAF70CFEFDF7C1FE042808BFFDF772
:105F00003FFF28463146019AFAF701FE05460B4647
:105F100018B02A4658462146BDE8F04DFAF760BB56
:105F2000103700000000F03F0146491E41EA6101C0
:105F300041EAA10141EA211141EA212141EA21413D
:105F4000481C70472DE9FF4F85B092461E464FF022
:105F5000000B052003900598D0F80880D94600254D
:105F600000200290019003E009F10109D8F80080B7
:105F7000B8F1000FF8D1B9F1000F16D12EB10321FD
:105F80003046FEF7C3FC834604E003207E490968DF
:105F900088478346BBF1000F03D07CA15846FAF72F
:105FA00098F9584609B0BDE8F08F002E57D0B56873
:105FB00001213046FEF7AAFC04460CB90020F1E7A7
:105FC0005B202070B068401CB0600598D0F8088055
:105FD0002EE0334652460699491C404600F0A4FC88
:105FE000304601F051FCB060D8F80000F0B1BAF1D1
:105FF000000F01D0022000E0012003900399491C0A
:106000003046FEF783FC04460CB90020CAE72C207A
:1060100004F8010BBAF1000F02D0202004F8010BA4
:1060200000202070B16803980844B060D8F8008060
:10603000B8F1000F02D002980028CAD002213046E1
:10604000FEF764FC04460CB90020ABE75D2004F8C1
:10605000010B00202070306800EB050B91E04FEA47
:10606000890049490968884707460FB9002099E720
:106070004FEA89013846FAF7FEF80598D0F808800B
:1060800021E0002352460699491C404600F04CFC92
:10609000049029466D1C049847F82100049870B1BB
:1060A0000498FAF70FF9801CBAF1000F01D0012112
:1060B00000E00021014403980844039001E001201E
:1060C0000290D8F80080B8F1000F02D002980028A2
:1060D000D7D0029820B92C4903980968884783468D
:1060E000BBF1000F01D101200290029890B1002570
:1060F00008E057F8250020B157F825002449096821
:1061000088476D1C4D45F4DB3846214909688847AE
:10611000002047E75B208BF800000BF10104002012
:106120002070002521E057F82500FAF7CBF8019000
:1061300057F825102046019AFAF784F8019804448C
:10614000A9F10100A8420AD02C2004F8010BBAF1F1
:10615000000F02D0202004F8010B0020207057F817
:1061600025000B49096888476D1C4D45DBDB384627
:106170000749096888475D2004F8010B002004F8EE
:10618000010B58460EE70000D41500205B5D0000AF
:10619000D81500202DE9FC4782460E464FF0000935
:1061A000DAE906450022134620462946FAF7F0FAB6
:1061B00013D12EB102213046FEF7A8FB814604E040
:1061C00002204A49096888478146B9F1000F03D087
:1061D00047A00088A9F8000084E0DAF81400FAF774
:1061E0007AFA074622462B46FAF7F4F921F00041E5
:1061F0000022404BCDE90001FAF7CAFA23D83E4A03
:106200003E4B20462946FAF7C3FA1CD800223C4BE5
:1062100020462946FAF7D4FA15D82EB11521304672
:10622000FEF774FB814604E0152030490968884771
:106230008146B9F1000F55D032A14846DAF8142052
:10624000FDF708FD4EE02EB140213046FEF75EFB23
:10625000814604E040202549096888478146B9F114
:10626000000F3FD020462946FEF7C6FB07462246D0
:106270002B46FAF7AFF921F0004100221D4BCDE982
:106280000001FAF785FA0FD825F0004127461E4A8B
:106290001E4B3846FAF77CFA06D222462B461CA142
:1062A0004846FDF7D7FC1DE025F0004127461A4A75
:1062B0001A4B3846FAF76CFA07D325F00041002252
:1062C000174B3846FAF77CFA06D222462B4615A120
:1062D0004846FDF7BFFC05E022462B4612A1484682
:1062E000FDF7B8FC4846BDE8FC870000D415002047
:1062F000300000000000B03C0000C0FFFFFFDF41A5
:106300000000E0C12564000044F3C2E4E4E9634C0A
:10631000252E3066000000008DEDB5A0F7C6B03E1A
:1063200065CDCD4125650000256600002DE9FF4FB4
:1063300089B0884616461F460020089007900690B0
:106340004FF0070A00250998D0F808900020029025
:106350000190009004E00298401C0290D9F800904F
:10636000B9F1000FF7D10298002835D157B116B115
:1063700008F1040000E0032001463846FEF7C6FAA3
:10638000069009E016B108F1040100E00321084677
:10639000EA49096888470690069818B900200DB0A8
:1063A000BDE8F08F069C7B2004F8010B66B10A2043
:1063B00004F8010B002503E0092004F8010B6D1C13
:1063C000A8F10100A842F7DC7D2004F8010B0020B1
:1063D00004F8010B0698E2E7002F77D0BD680EB1F4
:1063E000022000E0012082460AF101013846FEF752
:1063F0008DFA04460CB90020D1E77B2004F8010B8C
:1064000016B10A2004F8010B00202070B86850442F
:10641000B8600998D0F8089008F1010868E0B6B1B2
:1064200041463846FEF772FA04460CB90020B6E73A
:106430000020039005E0092004F8010B0398401C9C
:10644000039003984045F6DBB8684044B86039468D
:10645000D9F8200000F07EF9384601F015FAB8604E
:106460000EB1022000E00120824651463846FEF778
:106470004DFA04460CB9002091E73A2004F8010BCC
:1064800016B1092004F8010BB8685044B8603B46C7
:1064900032464146484600F047FA384601F0F4F9E2
:1064A000B8600EB1012000E00020D9F8001009B159
:1064B000012100E0002100EB010A0AF10101384648
:1064C000FEF724FA044614B9002068E734E0D9F84E
:1064D000000010B12C2004F8010B16B10A2004F8BA
:1064E000010B00202070B8685044B860D9F80090C3
:1064F000B9F1000F93D116B108F1010000E00220BC
:1065000001463846FEF702FA04460CB9002046E779
:106510004EB1002503E0092004F8010B6D1CA8F121
:106520000100A842F7DC7D2004F8010B0020207058
:10653000386828440690FEE0029988007F4909687F
:1065400088470890089808B9002028E70299880031
:106550007A49096888470790079828B978490898C0
:106560000968884700201AE7029881000898F9F71F
:1065700082FE029881000798F9F77DFE0998D0F80D
:10658000089008F1010806B1C2442EE00021D9F8B4
:10659000200000F0DFF80490079941F8250000235F
:1065A00032464146484600F0BFF929466D1C059029
:1065B000089A42F82100049898B1059888B1059886
:1065C000F9F780FE83460498F9F77CFE0BEB000197
:1065D000891C16B108F1020000E000200844824442
:1065E00001E001200190D9F80090B9F1000FCDD160
:1065F000019820B950465149096888470690069885
:1066000008B901200190019818B3002514E00798FB
:1066100050F8250028B1079951F825004849096824
:106620008847089850F8250028B1089951F82500A6
:106630004349096888476D1C02988542E7DB404959
:106640000798096888473E490898096888470020E4
:10665000A5E67B21069801700698441C16B10A2015
:1066600004F8010B00202070002548E05EB10020F6
:10667000039005E0092004F8010B0398401C0390E7
:1066800003984045F6DB079951F82500F9F71AFE03
:106690000090079850F825102046009AF9F7D2FD8F
:1066A000009804443A2004F8010B16B1092004F8BC
:1066B000010B089850F825102046F9F70AFE0899B2
:1066C00051F82500F9F7FEFD04440298401EA84247
:1066D00002D02C2004F8010B16B10A2004F8010B9B
:1066E00000202070079951F825001549096888474E
:1066F000089951F825001249096888476D1C0298CD
:106700008542B3DB0E490798096888470C49089809
:10671000096888474EB1002503E0092004F8010B01
:106720006D1CA8F10100A842F7DC7D2004F8010BE4
:10673000002004F8010B069831E60000D415002073
:10674000D815002070B504460D462946206900F092
:1067500001F870BD2DE9F05F804689460027BB46F1
:10676000454611E02878002802DD2878202805DB3E
:106770002878222802D028785C2801D1012000E066
:10678000002040EA0B0B6D1C28780028EAD1BBF1F1
:10679000000F22D1A5EB0807B9F1000F05D0F91CB5
:1067A0004846FEF7B3F8064604E0F81C5849096865
:1067B0008847064616B90020BDE8F09F34462220DF
:1067C00004F8010B41462046F9F783FD2220E055ED
:1067D0000021781C21543046EEE7B8F1000F16D1A5
:1067E000B9F1000F05D003214846FEF78FF80646A1
:1067F00004E0032046490968884706460EB9002090
:10680000DAE744A13046F9F764FD3046D4E745465F
:106810000BE0514640A0F9F74BFD08B17F1C03E0A7
:10682000BAF1200F00DA7F1D6D1C95F800A0BAF1B7
:10683000000F02D0781C071EEBD1B9F1000F05D074
:10684000F91C4846FEF762F8064604E0F81C304999
:106850000968884706460EB90020ADE7344645462C
:10686000222004F8010B47E028781F280ADD287849
:10687000222807D028785C2804D015F8010B04F8EA
:10688000010B39E05C2004F8010B15F8011B8A4666
:106890000C2919D006DC082912D0092920D00A2990
:1068A00022D115E00D2917D0222905D05C291BD152
:1068B0005C2004F8010B1EE0222004F8010B1AE012
:1068C000622004F8010B16E0662004F8010B12E0C8
:1068D0006E2004F8010B0EE0722004F8010B0AE0B0
:1068E000742004F8010B06E052460DA12046FDF786
:1068F000B1F9641D00BF00BF28780028B4D1222060
:1069000004F8010B002004F8010B304654E70000A6
:10691000D415002022220000225C080C0A0D090078
:1069200075253034780000002DE9F04104460F460B
:1069300090461D46002614B90020BDE8F081002DC8
:1069400046D0207B072842D2DFE800F00F1A04254A
:106950002B31390005212846FDF7D8FF06461EB128
:1069600037A13046F9F7B5FC31E006212846FDF79E
:10697000CDFF06461EB134A13046F9F7AAFC26E049
:1069800005212846FDF7C2FF06461EB130A130465C
:10699000F9F79FFC1BE029462046FFF7FBFB064664
:1069A00015E029462046FFF7CDFE06460FE02B46B0
:1069B000424639462046FFF7C5FA064607E02B4611
:1069C000424639462046FFF7B1FC064600BF34E098
:1069D000207B072830D2DFE800F0090E0413191FCE
:1069E000270017A0FDF7D4FE064625E016A0FDF708
:1069F000CFFE064620E016A0FDF7CAFE06461BE0C5
:106A000000212046FFF7C6FB064615E00021204680
:106A1000FFF798FE06460FE000234246394620461F
:106A2000FFF790FA064607E0002342463946204623
:106A3000FFF77CFC064600BF00BF30467DE7000044
:106A40006E756C6C0000000066616C736500000080
:106A500074727565000000002DE9F04105460E4690
:106A60001C4807681C480068001D00F01DFF50B955
:106A70001948006890F82C100120884017490968CF
:106A8000814316480160681C38B936B11248016864
:106A9000091D134801F07CF91AE07C190E480068C2
:106AA0004460BC4207D20C480168091D0D480068CB
:106AB00001F054F90CE008480168091D0A48006813
:106AC00001F04CF909480068844201D2074804608B
:106AD000BDE8F0813C00002028000020400000209C
:106AE0006C170020300000202C00002058000020EF
:106AF00010B5044601F0CAFA24480068401C234936
:106B000008602348006840B92148046008460068CE
:106B100001280DD100F0E4F90AE01E48006838B9F8
:106B20001B480068C06AE16A884201D818480460BE
:106B300019480068401C18490860084600686064ED
:106B400094F82C100120884014490968084313491F
:106B50000860E16A01EB8101114A02EB8100211D0D
:106B600001F016F901F0A4FA0A48006868B1084873
:106B70000068C06AE16A884207D24FF08050094934
:106B80000860BFF34F8FBFF36F8F10BD3800002038
:106B90002800002044000020540000204000002075
:106BA0002C16002004ED00E010B501F06FFA10483B
:106BB0000068D0B90F4801F0C1F80F4801F0BEF8E5
:106BC0000C480E4908600C480D490860002210214D
:106BD000052001F021FD064908600846006820B143
:106BE00008A10348006801F0A5FA01F061FA10BDA0
:106BF0006C00002080170020941700206400002003
:106C000068000020546D72510000000070B523E050
:106C100001F058FC1348006808B9012000E000208A
:106C2000054602F071F8BDB901F030FA0D48C068B0
:106C3000C468201D00F038FE0B480068401E0A4959
:106C400008600A480068401E0849086001F030FAF0
:106C5000204600F060F800BF044800680028D7D143
:106C600070BD0000581700203800002034000020BC
:106C700070B504460D46206C70B1216CE068084484
:106C8000E0606168E068884201D32068E0602846DF
:106C9000226CE168F9F7D6FA70BD2DE9F04104469F
:106CA0000F4615464FF00008A66B206C40B92068CF
:106CB00060BB606801F0A6FF80460020606025E0B0
:106CC0007DB93946226CA068F9F7BCFA216CA0683E
:106CD0000844A060D4E90110884217D32068A0605E
:106CE00014E03946226CE068F9F7ACFA216CE068F0
:106CF000401AE0602168E068884203D2216C606835
:106D0000401AE060022D01D106B1761E701CA0630E
:106D10004046BDE8F08110B50446206B01F0D8F97B
:106D2000204601F0D5F910BD0146084A12681268E4
:106D30000AB9012200E000220A600A6822B9034A67
:106D40001268D268106800E00020704764000020DC
:106D500030B54FF40043174800F007042CB1C01DB4
:106D600020F00700134C041B1B1B0246124C226030
:106D70000024114D6C60D018083820F007000F4C2B
:106D8000206000240D4D2D686C600C4D2D682C602A
:106D90001146441A4C60094C24680C60084D4C683C
:106DA0002C60084D4C682C604FF00044064D2C6060
:106DB00030BD0000A81700207800002080000020CF
:106DC00088000020840000208C00002000BFFFF716
:106DD0001DFF064800680128F9D94FF0805004498A
:106DE0000860BFF34F8FBFF36F8FF0E72C160020C2
:106DF00004ED00E02DE9F04106460D4617469846A1
:106E0000069C0DB9246000E02760E663256401213B
:106E1000204601F0CBFC84F850800020A064BDE83F
:106E2000F0812DE9F05F81460F4690469A460A9E12
:106E30000C9C4FEA8801A522206BF9F715FAA8F1FE
:106E40000100216B01EB800B2BF0070B002507E005
:106E5000795D04F134004155785D00B902E06D1CA4
:106E6000102DF5D300BF0021432001550C2E00D377
:106E70000B26E662E66400202065201D00F06BFF13
:106E800004F1180000F067FF2461C6F10C00A06156
:106E900064620020606584F85800524649465846AE
:106EA00000F060FB20600B9808B10B980460BDE80F
:106EB000F09F2DE9F04705460E4617469846DDE956
:106EC00008945CB1FFF770FE2560A661E761C4F825
:106ED0002080C4F82490201D00F03DFFBDE8F0871D
:106EE00010B5002407E004EB84010F4A02EB810097
:106EF00000F024FF641C0C2CF5D30C4800F01EFF9E
:106F00000B4800F01BFF0B4800F018FF0A4800F088
:106F100015FF0A4800F012FF0448094908600448B8
:106F20000849086010BD00002C1600201C17002026
:106F30003017002044170020581700206C1700203D
:106F40002C0000203000002010B50146164800E05B
:106F5000006803688B42FBD30246436813448B42AC
:106F600004D143684C682344436001460A464B6899
:106F700013440468A34211D10C4C03682468A34253
:106F800008D04B680468646823444B6003681B683E
:106F90000B6005E0054B1B680B6001E003680B60AC
:106FA000884200D0016010BD7800002080000020E1
:106FB0002DE9F04104460D4616461F464FF00008E5
:106FC00065602461B5420CD8F01BA169884202D3E8
:106FD0004FF0010811E0211D0948006800F0BEFED5
:106FE0000BE0BE4204D2BD4202D34FF0010804E0E0
:106FF000211D0448006800F0B1FE4046BDE8F08164
:10700000680000206400002070B5054601F03EF8DD
:10701000A86B08B9012400E0002401F049F82046DB
:1070200070BD70B5054601F031F8A86BE96B884278
:1070300001D1012400E0002401F03AF8204670BD9F
:107040002DE9F04707460C4690460026206848B3D5
:10705000204641684968416000F1080142688A425F
:1070600002D14168496841604168D1F80C9000BF85
:10707000204641684968416000F1080142688A423F
:1070800002D14168496841604168CD6806EBC6009D
:1070900007EB800143460122284601F0A1F8761C47
:1070A0004D45E5D13046BDE8F0872DE9F3410D4669
:1070B0000098846C0027A06BE16B88421BD294F986
:1070C00045602A4669462046FFF7E7FD0746701CE3
:1070D00060B9606A08B9012000E0002050B904F1ED
:1070E000240001F0D1FD28B1012703E0701C40B25B
:1070F00084F8450000BF3846BDE8FC81F8B5054678
:107100000E4610480068C068C468201D00F0CCFB23
:10711000E069012811D1A06941192B463246204669
:10712000FFF746FF48B1002003462A46014600907B
:10713000204601F095FE074600BF2046616A884759
:10714000F8BD000064000020F0B587B056E0039859
:10715000002805DA04AED6E90020B168904700BFE8
:10716000039800284ADB059C606908B9012000E00B
:10717000002010B9201D00F097FB02A800F0A0F835
:10718000054603980A2837D2DFE800F009050725ED
:1071900027320608262800BF00BF00BF00BF0498A2
:1071A000A269811803462A462046FFF701FF88B1ED
:1071B0002046616A8847E06901280BD100200090D1
:1071C0000498A169421800231946204601F048FEA0
:1071D000074600BF11E000BF0FE000BF0498A061A8
:1071E000A06941192B462A462046FFF7E1FE04E03C
:1071F000204600F06DFF00E000BF00BF00231A46EC
:1072000003A90448006801F023FA00289FD107B0C1
:10721000F0BD00006C000020F8B505460C4601F0FA
:1072200051F9684600F04CF80646009820BB44B976
:10723000B54206D801F068FD31462846FFF75EFFEB
:107240001CE03CB10E480068006808B9012000E06D
:1072500000200446A91B22460A48006800F080FF6F
:1072600001F052FD50B94FF0805007490860BFF35C
:107270004F8FBFF36F8F01E001F046FDF8BD0000B6
:10728000680000206C00002004ED00E00A49096855
:10729000096809B9012100E0002121B14FF0FF3157
:1072A000064A116006E004490968C968C868034ACB
:1072B00041681160704700002C0000205800002039
:1072C00070B5044601F00AFC05460748006885428F
:1072D00004D200F00BF80120206001E000202060C3
:1072E00001480560284670BD740000202DE9F84370
:1072F00026E01D480068C06805681B480068C06833
:10730000C468201D00F0D0FA2046616A8847E06911
:10731000012815D1A0694619AE4207D966602461DB
:10732000211D1148006800F019FD09E00020034606
:107330002A4601460090204601F092FD804600BF9B
:1073400009480068006808B9012000E00020002812
:10735000CFD005480768054800680349086003481E
:107360000760BDE8F883000064000020680000208A
:107370000246002101E0521C491C1078A528FAD0D1
:10738000890888B2704700BF502080F31188BFF38E
:107390004F8FBFF36F8F00BF00BFFEE708B500BF80
:1073A0006846FFF7C1FC044620460099FFF734FF0A
:1073B000FFF7CAFEF4E770B5044600F067FE94F9E3
:1073C00045501AE0A06C38B100212046FFF76DFE51
:1073D00088B100F0B1FF0EE0606A08B9012000E05A
:1073E000002038B904F1240001F04EFC18B100F07F
:1073F000A3FF00E003E0681E45B2002DE2DC00BF01
:10740000FF2084F8450000F053FE00F03FFE94F9A1
:10741000445010E0206908B9012000E0002048B97C
:1074200004F1100001F030FC08B100F085FF681E87
:1074300045B200E001E0002DECDC00BFFF2084F845
:10744000440000F035FE70BD70B505460E4631466D
:107450002846F8F73EFF2846F8F734FF044602E0D6
:1074600020202855641C0F2CFAD3002028552819F9
:1074700070BD00002DE9F04105464FF0000801F015
:1074800021F82B48006808B9FFF762FC294800681A
:107490002840002847D145B1083505F0070020B144
:1074A00005F00700C0F108000544002D3BD022483C
:1074B0000068854237D8214E3046046801E02646F0
:1074C00024686068A84202D220680028F7D11848D2
:1074D0000068844227D0306800F1080820683060D6
:1074E0006068401B102807D967196068401B7860E6
:1074F00065603846FFF728FD0F4960680968081A7B
:107500000D490860084600680D490968884203D2A1
:10751000094800680A490860064960680968084324
:1075200060600020206001F0EFFB4046BDE8F08184
:10753000800000208C0000208400002078000020C3
:10754000880000200648006830B10549096801F14B
:107550005000096D491C0160014800687047000037
:1075600028000020001F4FF080730360001F21F0EF
:1075700001030360001F034B0360143802602038CE
:10758000704700008773000801460A6810780A688F
:10759000521C0A60704730B501460A685378147867
:1075A0004FF4807505FB04300B689B1C0B6030BDED
:1075B000F0B505460C46164600272068301A01280B
:1075C0000FDD2046FFF7E7FF686020686968084420
:1075D000B04206D82168A960206869680844206024
:1075E0000127002028603846F0BD000010B5044691
:1075F0001FA203211920FBF799FB1D2203213C2028
:10760000FBF728FB1E2203215020FBF723FB1F2240
:1076100003216420FBF71EFB012C14D10A22062152
:107620001E20FBF717FB0B2206213220FBF712FB73
:107630000C2206214620FBF70DFB0D2206215A20C5
:10764000FBF708FB13E00E2206211E20FBF702FBCE
:107650000F2206213220FBF7FDFA0A2206214620DE
:10766000FBF7F8FA0B2206215A20FBF7F3FA10BDBC
:107670004D5154540000000010B50822002105208F
:10768000FBF7E8FA092200211920FBF7E3FA0A22A6
:1076900000212D20FBF7DEFA0B2200214120FBF711
:1076A000D9FA0C2200215520FBF7D4FA0D22002133
:1076B0006920FBF7CFFA10BD10B508220021052084
:1076C000FBF7C8FA092200211920FBF7C3FA0A22A6
:1076D00000212D20FBF7BEFA0B2200214120FBF7F1
:1076E000B9FA102200212D20FBF7B4FA1122002153
:1076F0004120FBF7AFFA10BD10B520220021052074
:10770000FBF7A8FA212200211920FBF7A3FA122285
:1077100000212D20FBF79EFA132200214120FBF7C8
:1077200099FA202200212D20FBF794FA2122002132
:107730004120FBF78FFA10BD10B50822002105206B
:10774000FBF788FA092200211920FBF783FA0E22A1
:1077500000212D20FBF77EFA0F2200214120FBF7AC
:1077600079FA0A2200215520FBF774FA0B22002136
:107770006920FBF76FFA10BD10B508220021052023
:10778000FBF768FA092200211920FBF763FA162299
:1077900000212D20FBF75EFA172200214120FBF784
:1077A00059FA182200212D20FBF754FA1922002142
:1077B0004120FBF74FFA10BD00E0401C20B10178DA
:1077C00011B101782029F8DD70472DE9F041064616
:1077D0000F46F9F7DDF9041E0D4618BF01202843B6
:1077E00020F00040C0F17F6000F1E040C00F0ED0FB
:1077F000301C18BF0120384320F00040C0F17F60EA
:1078000000F1E040C00F04BF0120FCF7D1FA204690
:107810002946BDE8F081000010B504490420F8F7BE
:10782000F1FC02490620F8F7EDFC10BDBD47000849
:1078300001460020024A5278012A00D101207047F7
:107840007C15002070B505460C46A1B22846FAF713
:1078500007FE0646304670BD2DE9F04105460E464E
:1078600014460027F9F766FF30B1A2B23146284628
:10787000F9F76AFF074604E00020FFF7D9FF4FF051
:10788000FF373846BDE8F08170B504460CB120687A
:1078900008B9002070BDA168206845182846F8F78F
:1078A00011FDA1680844F5E701460A69D1E90130F4
:1078B0009860D1E9010358605068884201D1886816
:1078C0005060002008611068401E1060106870470A
:1078D0002DE9F04105468846164600240C2700F0A5
:1078E000F1FD21480068804539D300BF7F1E07EBBA
:1078F00087021E4B03EB820104EBC40205EB8200FE
:107900000122FFF79DFB0444002FEFD104EBC401DB
:1079100005EB8100022216490968FFF791FB044438
:1079200004EBC40105EB8100022212490968FFF74C
:1079300087FB044404EBC40105EB810004220E49DB
:10794000FFF77EFB044404EBC40105EB8100032236
:107950000A49FFF775FB04440EB10020306001F0C6
:10796000D3F92046BDE8F081380000202C16002015
:107970002C00002030000020581700206C17002039
:1079800070B5054647E000235A1E24492448006884
:1079900000F05EFE0446012C03D022A0FCF730F973
:1079A0003AE024A11D48F8F771FC58B1042023499E
:1079B0000870002048704FF4AD7221A129A0FCF797
:1079C0001FF921E02CA11548F8F760FC18B1134805
:1079D000F9F7E6FF18E019480078032803D11748A3
:1079E0000078082803D00D48FCF7C8FF0CE040F2EF
:1079F0006B1213A122A0FCF703F900202949486665
:107A0000C8210648F8F737FCC8210448F8F733FCCA
:107A1000042000F0CBFBB6E700BF70BD0C9B00203C
:107A2000C0150020706420213D20706454525545DB
:107A30000D0A0000434C4F53454400007C150020C4
:107A40002E2E5C536F757263655C657370383236C9
:107A5000365C657370383236365F68616E646C65AB
:107A6000722E630025735F25643A54435020434CC3
:107A70004F534544210D0A002B495044000000009B
:107A800025735F25643A4D435520756E6B6E6F7795
:107A90006E20686F772070726F73657373210D0AA3
:107AA00000000000A49A002006E0FBF7B5FBFBF7FE
:107AB00089F9C82000F07AFBF7E7000008B5002438
:107AC00020215348FBF7C8FA4FF4167000F06EFB04
:107AD0009DE050480078032803D14E4800780828DC
:107AE00003D0FCF779FE4B4908704A490878F9F74A
:107AF00039FB4848007808284ED2DFE800F004053A
:107B000009060C26353F00BF00BFFFF7B5FD44E076
:107B1000FDF710F841E040480078401C3E490870ED
:107B200000203C494870FFF707FE40F2AF123BA12E
:107B300043A0FCF765F8C82000F038FB3548007812
:107B4000082801D0FCF7F6FF27E033484078401CB6
:107B5000314948704FF4DD7230A13FA0FCF750F876
:107B6000FFF7AAFDFBF7A2FAFFF7C6FD404B4FF463
:107B7000E0722AA13FA0FCF743F80EE02648807887
:107B8000401C25498870FFF7F7FD40F2C51223A17C
:107B90003CA0FCF735F800E000BF00BF1D4840786E
:107BA00020B91D48C078401C1B49C8701A4800788D
:107BB0000A280BDC184840780A2807DC1648807829
:107BC0000A2803DC1448C0780A2807DD40F2D312E3
:107BD00012A134A0FCF714F8FAF74CFF0D484078D6
:107BE00000900C48037840F2D7120CA133A0FCF7A8
:107BF00007F808484078012801D1012400E000245A
:107C00002046FFF7F3FC4FF4C87000F0CFFA60E7AE
:107C1000849A00207C1500207E1500202E2E5C53B7
:107C20006F757263655C657370383236365C657388
:107C300070383236365F68616E646C65722E630030
:107C400025735F25643A54435020434C4F534545B8
:107C5000440D0A0D0A00000025735F25643A455360
:107C60005038323636204C6F73740D0A0D0A0000FE
:107C7000A49A002025735F25643A2D2D25730D0AE3
:107C80000000000025735F25643A55534152543378
:107C90002073656E642074696D654F7574210D0ADB
:107CA0000000000025735F25643A52455354415249
:107CB000542053595354454D210D0A0025735F2517
:107CC000643A6573705F68775F7374617475735F2E
:107CD000653D25642C6573705F6E65745F776F72A8
:107CE0006B5F653D25640D0A0000000010B5044679
:107CF00001210548F9F744FE28B104A0FBF780FFF5
:107D000005480068804710BD0018014073686F7215
:107D1000744B6579310D0A00A000002010B50446AF
:107D200001210448F9F72CFE10B903480068804788
:107D300010BD0000001801409C00002000F1080167
:107D400041604FF0FF31816000F10801C1600161C5
:107D500000210160704700210161704710B50246A3
:107D60000B685C1C0CB9106907E002F1080000E028
:107D70004068446824689C42FAD944684C604C6866
:107D8000A160886041600A611468641C146010BDC1
:107D900042684A6093688B6093685960916008619B
:107DA00003685B1C036070474FF0FF347CE03F4882
:107DB000007830B1012811D0022830D003286DD1CD
:107DC00056E0FAF7EBFCC8213948F8F754FA0120DD
:107DD0003649087000203749087060E0364800785E
:107DE000032818D100F07AFE34490860FAF7C0F988
:107DF0000446601C18B9282000F0D8F954E001208E
:107E00002D4948700220294908704FF4D4722CA1E2
:107E100035A0FBF7F5FE282000F0C8F93FE000F0A0
:107E20005DFE2649086038A0FAF72AFC044623467E
:107E300040F2B31222A144A0FBF7E2FE601C68B13D
:107E400003201A490870C8211948F8F714FA4FF4AA
:107E5000DC721BA148A0FBF7D3FE05E04FF4DE72F5
:107E600017A153A0FBF7CCFE282000F09FF916E0E5
:107E700040F2C31212A156A0FBF7C2FE01200D4929
:107E80000870FAF729FB0C484078012805D04FF418
:107E9000E4720BA159A0FBF7B3FE00E000BF00BFE6
:107EA000C82000F083F900BF81E70000951500208D
:107EB000BC990020941500207C1500207815002026
:107EC0002E2E5C536F757263655C4D515454506136
:107ED000636B65745C73616D706C65735C70756207
:107EE00030737562312E630025735F25643A4D51FE
:107EF000545420456E7465722073756273637269A1
:107F000062212121200D0A00246F632F64657669A8
:107F10006365732F3638363039323634333237377B
:107F20003166313737623436653831385F73746D96
:107F300053462F7379732F6D657373616765732F64
:107F4000646F776E0000000025735F25643A3D3D45
:107F50003D3D3D4D5154545F537562736372696288
:107F6000652072632069732025642121213D3D3DF8
:107F70003D3D0D0A0000000025735F25643A3D3D3C
:107F80003D3D3D4D7174745F7374617475735F73BF
:107F90007465702073776974636820746F207075DE
:107FA000626C6973682121213D3D3D3D3D0D0A0014
:107FB00025735F25643A4D515454205375627363A1
:107FC00072696265204572726F720D0A00000000CE
:107FD00025735F25643A3D3D3D3D3D3D53746172DF
:107FE00074207075626C697368206461746121210A
:107FF000213D3D3D3D3D3D0D0A00000025735F25BF
:10800000643A6D71747420636F6E6E656374206979
:1080100073206661696C65640D0A0000A2B00025DA
:1080200025E0002304221AA91148006800F010FB83
:108030000446CCB1642101A8F8F71DF90DA01E99E2
:10804000FBF7DEFD01A8DDE91D21F8F7FBF801A82B
:10805000FCF75AFB05462846FCF790FB06463146DE
:1080600009A0FBF7CDFD00BF042000F09FF8D8E782
:108070009C1500206D7174745F726563765F743A4D
:1080800025730D0A0000000025730A0000BF502070
:1080900080F31188BFF34F8FBFF36F8F00BF03488A
:1080A0000068401C014908607047000090000020F3
:1080B00006480068401E054908600846006820B967
:1080C000002080F3118800BF00BF7047900000209F
:1080D00070B506463546D6B1083D2C460C49606859
:1080E0000968084098B1206888B90949606809683A
:1080F0008843606000F0E6F9064960680968084452
:10810000044908602046FEF71FFF00F0FDFD70BD2A
:108110008C0000208400002005480068C821B0FBC6
:10812000F1F0401E4FF0E0214861072008617047E0
:1081300000000020024600200BE0084B53F83030CE
:1081400033B9064B43F8301003EBC0035A6002E02A
:10815000401C0828F1D300BF70470000EC15002038
:108160002DE9F04105460E4617462C46FFF78EFFD7
:1081700094F94400401C10B9002084F8440094F99C
:108180004500401C10B9002084F84500FFF790FF1F
:10819000A06B28B93A46314604F1240000F0E2F819
:1081A0002046FFF708F9BDE8F081000070B50446ED
:1081B000002544B100F086F900212046FEF74CFC72
:1081C00000F0A2FD05463DB94FF08050034908601C
:1081D000BFF34F8FBFF36F8F70BD000004ED00E061
:1081E0002DE9F04107460C4690461E4617B919483E
:1081F000006800E038460546256005F134006060FF
:10820000E86A2061286BE061686CA060207B03282D
:1082100007D100F057F9A86A08B10220207300F0D6
:1082200073FDE86C60610020A061052E01D026730B
:1082300003E03846FCF734FB2073B8F1000F04D09C
:10824000286BFFF795F8208401E000202084BDE82A
:10825000F0810000280000207FB50546002028702E
:108260003048006803902F49096801EBC10188007C
:10827000FFF700F90446002C53D000222046039952
:10828000FFF726FB03900020029043E0029800EBEA
:10829000C00004EB8000007B012806D0022806D035
:1082A000032806D0042808D105E0522607E042261C
:1082B00005E0532603E0442601E0002600BF00BF8E
:1082C000029800EBC00004EB800041682846FFF7ED
:1082D000BBF80546029800EBC00004EB8000806804
:1082E000029901EBC10104EB8101098CCDE9001079
:1082F000029800EBC00004EB800032460AA103693B
:108300002846FBF7A7FC2846F7F7DCFF0544029850
:10831000401C0290DDE902018842B7D32046FFF7F6
:10832000D7FE7FBD38000020092563092575092582
:10833000750925750D0A0000012001490860704784
:108340004C00002070B505460C4605480168183100
:108350002846FFF703FD01212046FEF77DFB70BD97
:108360002800002070B506460D46144606480168F0
:1083700018313046FFF70CFD0CB14FF0FF352146A8
:108380002846FEF769FB70BD2800002070B5054641
:108390002C46002D4BD02649E06A0968C96A8842FC
:1083A00045D2A06900F0004028B921480068C06AA1
:1083B000C0F10C00A061E16A01EB81011D4A02EBF2
:1083C00081016069884201D1012000E0002050B3A2
:1083D000201DFFF769FA78B9E06A00EB80001549C3
:1083E00051F8200040B994F82C100120884012491F
:1083F00009688143104801600D480068C06AE06266
:1084000094F82C10012088400B49096808430A4958
:108410000860E16A01EB8101064A02EB8100211D3F
:10842000FFF7B6FC03E002480068C06AE06270BD76
:10843000280000202C160020400000200349096875
:108440000160034909684160704700005000002046
:108450003C0000201CB5144800210B468222CDE9C7
:10846000001012A1134800F0F9FA0446012C02D1C1
:1084700000F0D6FC0446012C14D100BF502080F33C
:108480001188BFF34F8FBFF36F8F00BF4FF0FF30E6
:10849000094908600120094908600020084908606E
:1084A00000F0A0F81CBD00005C00002049444C45D1
:1084B00000000000CD6D000858000020440000209E
:1084C0003C00002002480068401C014908607047D9
:1084D000600000201248006818B1012011490860AE
:1084E0001DE000200F4908600F480068B0FA80F0D6
:1084F000C0F11F0101EB81020C4B03EB82004268CB
:108500005268426000F108024368934202D1426817
:10851000526842604268D268054B1A6000BF7047DB
:10852000600000204C000020400000202C1600209D
:108530002800002070B504460E463046F7F7C2FE0C
:1085400005462946204600F00FF82A4631462068A5
:10855000F7F778FE20682844206070BD026811702B
:108560000268521C0260704710B50A46CB1701EB37
:1085700013631B0A046823700268521C02600A46D7
:10858000CB1701EB13631B12A1EB032304682370C9
:108590000268521C026010BD1FB5044602980028F4
:1085A0000DDD20460299FFF7DFFFDDE9022120689B
:1085B000F7F748FE20680299084420600AE0019815
:1085C00020B120460199FFF7B5FF03E000212046C6
:1085D000FFF7CAFF1FBD0000014800687047000098
:1085E0008400002010B50A48006840F47000084973
:1085F00008600846006840F070400860FFF78CFD96
:10860000002004490860F7F7B1FD002010BD00000C
:1086100020ED00E0900000202DE9F84307460D46CC
:1086200090460DB9002601E007FB05F606F154005F
:10863000FEF720FF044644B104F1540943464A467C
:10864000294638460094FEF7D5FB2046BDE8F8835E
:108650002DE9FF4782B0054689461E464FF0000AC5
:108660002C4600BFFFF712FDD4F83880B8F1000F98
:108670003BD0E76849462046FEF7FAFADEB9A8F192
:108680000100A063206810B9FEF75CFF60602069FC
:1086900008B9012000E0002008BB04F1100000F040
:1086A000F3FAE0B14FF080503F490860BFF34F8FBD
:1086B000BFF36F8F13E0E760606A08B9012000E044
:1086C000002060B904F1240000F0DEFA38B14FF068
:1086D000805035490860BFF34F8FBFF36F8FFFF7AE
:1086E000E7FC012006B0BDE8F087049818B9FFF751
:1086F000DFFC0020F6E7BAF1000F04D16846FFF76F
:108700009DFE4FF0010AFFF7D3FCFFF7DBFEFFF7FA
:10871000BDFC94F94400401C10B9002084F84400CA
:1087200094F94500401C10B9002084F84500FFF77B
:10873000BFFC04A9684600F063F940BB2046FEF781
:1087400063FCF0B1206830B9FFF7A0FC6068FFF768
:108750001DFEFFF7ADFC04F124000499FFF7F2FDC4
:108760002046FEF728FE00F0CFFA00287FF47AAF0B
:108770004FF080500C490860BFF34F8FBFF36F8FED
:1087800070E72046FEF717FE00F0BEFA6AE72046C3
:10879000FEF711FE00F0B8FA2046FEF735FC00287F
:1087A000EED000209EE7000004ED00E070B5054625
:1087B0000E462C46FFF76AFCD4E90F12206801FB35
:1087C000020060600020A0632068A060E06B401E93
:1087D000226C216800FB0210E060FF2084F8440056
:1087E00084F845009EB9206908B9012000E0002006
:1087F000A8B904F1100000F047FA80B14FF08050A2
:1088000009490860BFF34F8FBFF36F8F07E004F192
:108810001000FFF793FA04F12400FFF78FFAFFF737
:1088200047FC012070BD000004ED00E02DE9FF438E
:1088300083B0074688461D464FF000093C4600BFFE
:10884000FFF724FCA06BE16B884201D3022D38D1E5
:108850002A4641462046FEF720FA0646A06C68B13B
:1088600029462046FEF721FC28B34FF080503C49B2
:108870000860BFF34F8FBFF36F8F1CE0606A08B9C9
:10888000012000E0002068B904F1240000F0FCF9A8
:1088900088B14FF0805032490860BFF34F8FBFF36B
:1088A0006F8F08E03EB14FF080502D490860BFF354
:1088B0004F8FBFF36F8FFFF7FBFB012007B0BDE8C1
:1088C000F083059818B9FFF7F3FB0020F6E7B9F13C
:1088D000000F04D101A8FFF7B1FD4FF00109FFF728
:1088E000E7FBFFF7EFFDFFF7D1FB94F94400401CD5
:1088F00010B9002084F8440094F94500401C10B9D8
:10890000002084F84500FFF7D3FB05A901A800F07B
:1089100077F8F0B92046FEF784FBA0B104F110000F
:108920000599FFF70FFD2046FEF745FD00F0ECF935
:10893000002885D14FF0805009490860BFF34F8F60
:10894000BFF36F8F7CE72046FEF735FD00F0DCF9C2
:1089500076E72046FEF72FFD00F0D6F90020ADE7C0
:1089600004ED00E02DE9F05F06468A4615461F46F5
:10897000344600BF5021EFF3118081F31188BFF31B
:108980004F8FBFF36F8F00BF8146A06BE16B8842B2
:1089900001D3022F2BD194F945B03A4651462046D7
:1089A000FEF77BF90BF10100C8B9A06C40B1394664
:1089B0002046FEF77AFBB8B1B5B10120286013E07C
:1089C000606A08B9012000E0002068B904F12400C1
:1089D00000F05AF940B13DB10120286004E00BF1EC
:1089E000010040B284F845004FF0010801E04FF06B
:1089F000000800BF89F3118800BF4046BDE8F09F22
:108A000070B504460D46FFF741FB1248026828681E
:108A1000401C08B9002619E00F49206809688842FF
:108A200004D06068904201D801260FE06068101AF7
:108A30002968884209D228686168511A401A28605A
:108A40002046FFF7FBFC002600E00126FFF730FB85
:108A5000304670BD3C000020500000202DE9FF4F43
:108A600085B0804689461746DDE912ABB800FEF7AF
:108A700001FD064656B15C20FEF7FCFC04460CB135
:108A8000266304E03046FFF723FB00E000247CB1BE
:108A90000020CDE900ABCDE902403A4649464046C8
:108AA000089BFEF7BEF92046FEF722F8012501E0FB
:108AB0004FF0FF35284609B0BDE8F08F0549096839
:108AC00009B9012005E00449096809B9022000E05C
:108AD0000020704744000020600000200149086821
:108AE000704700003C0000202DE9F04100273A4883
:108AF0000068002863D139480068451C3748056084
:108B00008DB93748D0F8008036480068344908608D
:108B10003448C0F8008034480068401C324908607E
:108B2000FEF7B4FB00BF3148006885423BD300BF6D
:108B30002B480068006808B9012000E0002020B13F
:108B40004FF0FF30294908602CE025480068C068D4
:108B5000C4686668B54202D22448066022E0201D3F
:108B6000FEF7A2FEA06A18B104F11800FEF79CFE01
:108B700094F82C10012088401D49096808431C49BD
:108B80000860E16A01EB81011A4A02EB8100211DB4
:108B9000FFF7FEF81849E06A0968C96A8842C7D336
:108BA0000127C5E700BF14480068C06A00EB8000D9
:108BB000104951F82000012800D9012704E00F488E
:108BC0000068401C0D4908600D48006800B101278D
:108BD0003846BDE8F0810000600000203C00002025
:108BE0002C00002030000020500000205800002001
:108BF000400000202C160020280000204800002003
:108C00004C00002070B505462C460026ADB3206D03
:108C1000401E2065E16CE06A88422ED0206D60BB6A
:108C2000201DFEF741FE78B9E06A00EB8000144990
:108C300051F8200040B994F82C10012088401149C7
:108C4000096881430F480160E06CE062E06AC0F1AE
:108C50000C00A06194F82C10012088400949096893
:108C6000084308490860E16A01EB8101044A02EB0C
:108C70008100211DFFF78CF80126304670BD0000F1
:108C80002C1600204000002070B50646F068C4682D
:108C900004F11800FEF708FE15480068A8B9201D69
:108CA000FEF702FE94F82C10012088401149096853
:108CB000084310490860E16A01EB81010E4A02EBAA
:108CC0008100211DFFF764F804E004F118010B484E
:108CD000FFF75EF80A49E06A0968C96A884204D960
:108CE000012501200749086000E00025284670BDE5
:108CF00060000020400000202C16002044170020B7
:108D0000280000204C00002070B500240026FFF74A
:108D1000BDF92E480068401E2C49086008460068CE
:108D200000284FD12A48006800284BD024E0294869
:108D3000C068C46804F11800FEF7B6FD201DFEF7F8
:108D4000B3FD94F82C10012088402349096808439A
:108D500021490860E16A01EB8101204A02EB8100B0
:108D6000211DFFF715F81E49E06A0968C96A8842A3
:108D700002D301201B4908601648006808B9012089
:108D800000E000200028D2D00CB1FEF77FFA164890
:108D9000056865B100BFFFF7A7FE10B101201149BA
:108DA00008606D1E002DF6D100200F4908600D48A7
:108DB000006838B1012630070C490860BFF34F8FB7
:108DC000BFF36F8FFFF774F9304670BD600000206D
:108DD0003800002044170020400000202C160020FE
:108DE000280000204C0000204800002004ED00E096
:108DF0002DE9FC4705460E4617469846DDF82890B3
:108E00002C20FEF737FB04463CB143463A46314638
:108E10002846CDE90094FEF74CF82046BDE8FC87D3
:108E20001CB50024FDF7C0FE0848006858B108488A
:108E30000B2100234FF48272CDE9001005A10748F1
:108E4000FFF70CFE044620461CBD00006C0000200D
:108E500070000020546D7220537663009D730008EB
:108E60002DE9FF4705460C4616461F46DDF83080C3
:108E70004FF000091448006810B300940196029561
:108E8000062C15DAFFF71AFE022808D10023424605
:108E900069460D480068FFF7C9FC814610E00023D1
:108EA0001A46694608480068FFF7C0FC814607E09B
:108EB00000233A46694604480068FFF753FD81469F
:108EC000484604B0BDE8F0876C00002000000000B8
:108ED000000000000000000000000000000000F89A
:108EE00000000000000000333000000000100C06FD
:108EF000100C0600000000000000000040C0784098
:108F0000C0784000043F04043F040400007088FC63
:108F100008300000001820FF211E0000F008F000BB
:108F2000E018000000211C031E211E0000F008882C
:108F3000700000001E2123241927211010160E0096
:108F4000000000000000000000000000000000E041
:108F50001804020000000007182040000002041856
:108F6000E00000000040201807000000404080F0B2
:108F7000804040000202010F01020200000000F0E8
:108F8000000000000101011F0101010000000000BC
:108F90000000000080B07000000000000000000031
:108FA00000000000000101010101010100000000BA
:108FB0000000000000303000000000000000000051
:108FC00080601804006018060100000000E010082E
:108FD0000810E000000F102020100F00001010F803
:108FE000000000000020203F202000000070080842
:108FF00008887000003028242221300000300888C2
:10900000884830000018202020110E000000C020E9
:1090100010F8000000070424243F240000F808880A
:10902000880808000019212020110E0000E0108897
:1090300088180000000F112020110E0000380808C9
:10904000C83808000000003F0000000000708808D9
:1090500008887000001C222121221C0000E010085A
:109060000810E0000000312222110F00000000C0B3
:10907000C000000000000030300000000000008050
:109080000000000000008060000000000000804040
:109090002010080000010204081020004040404059
:1090A00040404000040404040404040000081020AC
:1090B00040800000002010080402010000704808F1
:1090C0000808F0000000003036010000C030C82859
:1090D000E810E0000718272423140B000000C03814
:1090E000E0000000203C23020227382008F888888E
:1090F00088700000203F202020110E00C03008089A
:1091000008083800071820202010080008F8080870
:109110000810E000203F202020100F0008F8888869
:10912000E8081000203F20202320180008F8888835
:10913000E8081000203F200003000000C0300808AD
:109140000838000007182020221E020008F8080036
:109150000008F808203F210101213F20000808F8FD
:10916000080800000020203F202000000000080820
:10917000F8080800C08080807F00000008F888C0E0
:1091800028180800203F20012638200008F8080091
:1091900000000000203F20202020300008F8F800C8
:1091A000F8F80800203F003F003F200008F830C0DA
:1091B0000008F808203F200007183F00E0100808CA
:1091C0000810E0000F10202020100F0008F80808F9
:1091D0000808F000203F210101010000E01008080C
:1091E0000810E0000F18242438504F0008F8888831
:1091F00088887000203F2000030C30200070880811
:10920000080838000038202121221C00180808F81E
:10921000080818000000203F2000000008F808009F
:109220000008F808001F202020201F000878880070
:1092300000C83808000007380E010000F80800F8E0
:109240000008F800033C0700073C0300081868808A
:109250008068180820302C03032C30200838C80000
:10926000C83808000000203F20000000100808084F
:10927000C83808002038262120201800000000FEF1
:10928000020202000000007F40404000000C30C09D
:1092900000000000000000010638C00000020202C9
:1092A000FE000000004040407F000000000004027B
:1092B00002020400000000000000000000000000A6
:1092C0000000000080808080808080800002020496
:1092D000000000000000000000000000000080808E
:1092E000808000000019242222223F2008F80080FC
:1092F00080000000003F112020110E0000000080BF
:1093000080800000000E112020201100000000804D
:109310008088F800000E112020103F20000080807F
:1093200080800000001F222222221300008080F093
:10933000888888180020203F2020000000008080BE
:1093400080808000006B94949493600008F8008003
:1093500080800000203F210000203F20008098985E
:10936000000000000020203F2020000000000080BE
:109370009898000000C08080807F000008F80000FE
:1093800080808000203F24022D302000000808F853
:10939000000000000020203F20200000808080800E
:1093A00080808000203F20003F20003F80800080A0
:1093B00080800000203F210000203F2000008080AE
:1093C00080800000001F202020201F00808000805F
:1093D0008000000080FFA12020110E00000000800E
:1093E00080808000000E112020A0FF8080808000FF
:1093F0008080800020203F2120000100000080802C
:10940000808080000033242424241900008080E020
:10941000808000000000001F2020000080800000ED
:1094200000808000001F202020103F2080808000CE
:109430000080808000010E300806010080800080DE
:10944000008080800F300C030C300F000080800003
:10945000808080000020312E0E312000808080002E
:109460000080808080818E701806010000808080DE
:10947000808080000021302C22213000000000007C
:10948000807C020200000000003F4040000000001D
:10949000FF00000000000000FF0000000002027C4E
:1094A000800000000040403F000000000006010175
:1094B0000202040400000000000000004D5154436B
:1094C0000000000004000000000000000000000098
:1094D000000000003C0001004D5154570000000006
:1094E000000000000000000000000000000000007C
:1094F000000000000000000000000000000000006C
:10950000000000000000000000000000000000005B
:10951000000000000000C0E0F0F8FC0000000000C7
:10952000000000000000F03F000000000000F83FD5
:1095300000000000000000000000004003B8E23F0F
:10954000000000000000000006D0CF43EBFD4C3EC1
:10955000033333333333E33FFFAB6FDBB66DDB3FB6
:109560004D268F515555D53F01411DA96074D13FFE
:1095700065DBC9934A86CD3FEF4E454A287ECA3FF8
:109580003E5555555555C53F93BDBE166CC166BF7A
:109590002CDE25AF6A56113FF16BD2C541BDBBBE73
:1095A000D0A4BE726937663E0000000000000000D3
:1095B00041542B43495053544152543D225443503B
:1095C000222C22396135323035376262662E73744F
:1095D000312E696F7464612D6465766963652E63ED
:1095E0006E2D6E6F7274682D342E6D79687561778B
:1095F0006569636C6F75642E636F6D222C3138382A
:10960000330D0A00633863626165636161303664FB
:1096100066316162643130333465386139323530F6
:10962000303961616536663634646364663739376C
:1096300034613165336332326463313834376364A3
:109640003263336500000000246F632F6465766920
:109650006365732F36383630393236343332373724
:109660003166313737623436653831385F73746D3F
:1096700053462F7379732F70726F706572746965BA
:10968000732F7265706F7274000000007B22736527
:10969000727669636573223A5B7B222573223A22D4
:1096A0002573222C2270726F706572746965732243
:1096B0003A7B222573223A252E31662C2254726180
:1096C000636B696E67223A222573227D7D5D7D0082
:1096D000F096000800000020EC150000320C000895
:1096E000F09C0008EC15002004930000A03D000849
:1096F0001184A24A04680901020304060708090C40
:1097000069100568020406081AAA010112476C656F
:10971000646F66662F62757A7A65720D580A616C9D
:1097200061726D6C616D701A1201120212041208DE
:109730001210122012407280200BC0F9A4B099922E
:1097400082F88090400DFF7FFFBFFFDFFFEFFFF744
:10975000FFFB4A40015BFC48083909046660604031
:109760002A0801180BC8C8484847484848F8F8086C
:109770001909000869C8E848080406043CFFFF8886
:10978000018908016A600B4040203011190C0E0756
:1097900002000A67020204040D193870709A8001F1
:1097A0006CFCFC880B046B4060403BF808013B0FED
:1097B0000F07046FF8FC081F1F040404FC7C051B42
:1097C00004FC04431F0F026680500B4040402020E1
:1097D00010180C07034C3F3020010466303F10592D
:1097E000708C20E0E006056920303020440870C00D
:1097F0007BFFFF06056C80E07C188C0F3F1C800609
:109800006960180C03017A10018B1F1F0608086697
:109810001010181C1C1810813C90F0307514F87052
:10982000103B08F00B0565D0F03020400E804070F2
:109830001C0F031010206060381F32FF0466708E0A
:10984000032302014CFEFE02016BFFFE802104682F
:1098500003FEF84C3F1F0401331F0F23403F066BEC
:1098600001010303038580F078182CFCF808120A24
:1098700067807C1660300CFFF94C404041014B7F03
:109880007F08046361604043020133FFFF4A200107
:109890002CFFFF2207036B30207C7F3F10014B1F02
:1098A0001F0804691818103CF8F808016908046DCD
:1098B00008FCF83CFF7F21014BBF3F08046A217F71
:1098C0007F59F35808080888E87F0F090C0467E8F7
:1098D000FC08380D40404020201010180C060301F1
:1098E0008E2F107030303C0F0C0162280804444465
:1098F000445F44F4060512C404040417108E40208B
:109900001807154080403F0312010E12E012FF13AA
:1099100020C02AFE050212FF458140300F423F0958
:1099200011204A20015AFF080111100880804020B0
:10993000100C03000811030C102040808018084010
:10994000301196909091040E109814135030E02925
:10995000013E44847E06050A01137AF09A390A0111
:10996000112A3F98390502137F38080202E22222A9
:10997000FE22040413E20202380BFF484443404035
:109980004043444465F118092018080808C838CF36
:1099900006041208A818100810080402FF40200846
:1099A000081003040A112040404049015AFF0801F1
:1099B00011100880804020100C03000812030C10C6
:1099C000204080804FFE0222428272050A12FEBFB2
:1099D0002E100806010E050C114E807FC0000D13DD
:1099E00030AC6330201018A744A4140C00101122CE
:1099F000672212120402FD44444445FD0202154050
:109A00004042CC1F0444645C47F4230212041D400E
:109A1000201F201A2C44447F050111001011101042
:109A200010FF1050445465C64464544440080F105D
:109A30000444827F0182824A562322524E82802130
:109A40001BF888010009110808FF08090AC8081452
:109A500080601F000C1110201F8040211618264125
:109A6000F81D080808F804298604121010F0000FE9
:109A7000131030101F088848300E014080403F10FE
:109A800008FC2024A8FFA8240E10FC4444C442C0B3
:109A90001118083F2221202F20A387110213FF1E37
:109AA00080828282FE0449060A1180215440300FD0
:109AB00009123E412A24010713FC222222232200FC
:109AC0001012020242E2524A464342425262C2022B
:109AD000021C40301EFA29FE0313101000101181E1
:109AE000814121110D0301030D1121418181000FDD
:109AF000121010D0FF9014E4AFA4A4A4AFE4041B90
:109B00000403B9080A10894B2A1A0E1A2A4B88E056
:109B1000180B202020FF2020080808FF040212F85C
:109B20002F1030100F8848833981011212E0080A83
:109B300012FF10201010F0101116C2220142FF3B3C
:109B40007F40010910A015E45C44C42B8092010BF6
:109B500010FE80A016013F10103F080A1022144882
:109B6000847F04081422A0080C136002CC804020DB
:109B70001E0202023E60080D11047E018080834DAA
:109B8000512151498760180904040484E43C2724C6
:109B9000011AE40C0910201302011BFF090104152E
:109BA00049897F15FC0404FC000913F808CC4B48D4
:109BB000C808F8150F04040F12FF0E130F08084F02
:109BC00080421808FC0444840425C67D0B1004E47C
:109BD00080080E1140300F4040414E404063504CD1
:109BE00043E01CF212FE0212F21A84010213FC106E
:109BF00008FF4A49484949FF1B3F4047031240704C
:109C000018081715D55557557D040412D515171981
:109C1000374B7F55011A7F0C0910202342CC1E447C
:109C20005454547F040A10442021147F201000084B
:109C300015FF15151555957F16FE222222FE0712D7
:109C4000FE828292A29E100880601F0242827F00E4
:109C50000813FF402F102C4380000B1490884C57A2
:109C6000A42454548C84180801018042221A074409
:109C70000E10423E01010160080E10809E929292E9
:109C80009EE0809EB2D2929E6010080808F49492E2
:109C900092F100081101F2929494F808244042CC09
:109CA000080A11E2222A2AF22A2622E0C0080E110E
:109CB000403F4080FF898989BF89A9C9BFC01580FD
:109CC00060F807080A10042424252624242404C04C
:109CD0002132FF2BF94901024EF946AAFF0601A3E2
:109CE0002962011313894D1408E54AF9F5000000B3
:0400000508000131BD
:00000001FF
